kl_divergence,log_loss,accuracy,sq_0_kl_divergence,sq_0_log_loss,sq_0_accuracy,sq_1_kl_divergence,sq_1_log_loss,sq_1_accuracy,sq_2_kl_divergence,sq_2_log_loss,sq_2_accuracy,fold
0.4751299352023021,0.6738532723908389,0.7536704730831973,0.49353929357241194,0.5323056532804317,0.816231343283582,0.5402771247319933,0.6633950656861556,0.7707622298065984,0.3832315153761866,0.7902971978345009,0.6872005475701575,1
0.49637566750071505,0.6892170210581999,0.7338877338877339,0.4638585485995597,0.5622273956686688,0.8039816232771823,0.5982342035144325,0.7502480334345345,0.7026578073089701,0.3801150604704237,0.734924861984303,0.705012325390304,2
0.5250805447461007,0.7161962563650796,0.744053064958829,0.4418779052593616,0.5040760793456313,0.8292682926829268,0.7090877936503441,0.8730078344537321,0.6978226234731811,0.3311596526746137,0.6888980960735689,0.7299444003177125,3
0.5650148538628462,0.7546031553136291,0.7255930087390762,0.629359572647645,0.6582838250948035,0.7841451766953199,0.6246265797349089,0.7773083725222915,0.7224157955865272,0.42745796671124736,0.8045610474704201,0.68042071197411,4
0.5079555420489812,0.6966169371138938,0.7418206098375251,0.5669397628418226,0.6504850644217393,0.7718484145398299,0.5716364697817578,0.7119665242745079,0.7483806676631789,0.3368958442746089,0.7207928716986413,0.6982397317686505,5
0.5131863051810328,0.7053708908469974,0.7400186133085156,0.5162030592747522,0.580903592775151,0.800941492938803,0.60901393171589,0.7555048014208513,0.7284219703574543,0.3722409777488475,0.7494021075459698,0.6998114985862394,OOF
