{
  "fold1": {
    "training_history": {
      "training_kl_divergence": [
        0.7790027260780334,
        0.5676177144050598,
        0.47521263360977173,
        0.41835278272628784,
        0.41821569204330444
      ],
      "validation_kl_divergence": [
        0.6468971371650696,
        0.565818190574646,
        0.507796049118042,
        0.48412421345710754,
        0.5045579075813293
      ]
    },
    "best_epoch_kl_divergence": 4,
    "training_kl_divergence": 0.41835278272628784,
    "validation_kl_divergence": 0.48412421345710754
  },
  "fold2": {
    "training_history": {
      "training_kl_divergence": [
        0.7718693614006042,
        0.5572860836982727,
        0.46949321031570435,
        0.41544094681739807,
        0.41348373889923096
      ],
      "validation_kl_divergence": [
        0.5858124494552612,
        0.6155927181243896,
        0.5166495442390442,
        0.4925452768802643,
        0.5326036810874939
      ]
    },
    "best_epoch_kl_divergence": 4,
    "training_kl_divergence": 0.41544094681739807,
    "validation_kl_divergence": 0.4925452768802643
  },
  "fold3": {
    "training_history": {
      "training_kl_divergence": [
        0.7705516219139099,
        0.5608352422714233,
        0.4712423086166382,
        0.4128618836402893,
        0.41064155101776123
      ],
      "validation_kl_divergence": [
        0.7694672346115112,
        0.596686601638794,
        0.5290049314498901,
        0.5267739295959473,
        0.5826473832130432
      ]
    },
    "best_epoch_kl_divergence": 4,
    "training_kl_divergence": 0.4128618836402893,
    "validation_kl_divergence": 0.5267739295959473
  },
  "fold4": {
    "training_history": {
      "training_kl_divergence": [
        0.7586280107498169,
        0.5488283634185791,
        0.4611402153968811,
        0.40260088443756104,
        0.41143175959587097
      ],
      "validation_kl_divergence": [
        0.7558513283729553,
        0.681640625,
        0.5742166638374329,
        0.577324628829956,
        0.5948687195777893
      ]
    },
    "best_epoch_kl_divergence": 3,
    "training_kl_divergence": 0.4611402153968811,
    "validation_kl_divergence": 0.5742166638374329
  },
  "fold5": {
    "training_history": {
      "training_kl_divergence": [
        0.7714388370513916,
        0.5605461597442627,
        0.4691769778728485,
        0.4099080264568329,
        0.40788495540618896
      ],
      "validation_kl_divergence": [
        0.7890259027481079,
        0.6354017853736877,
        0.5346149802207947,
        0.5099558234214783,
        0.545802891254425
      ]
    },
    "best_epoch_kl_divergence": 4,
    "training_kl_divergence": 0.4099080264568329,
    "validation_kl_divergence": 0.5099558234214783
  }
}