{
  "fold1": {
    "training_history": {
      "training_sq_2_kl_divergence": [
        0.2896493375301361,
        0.2532752752304077,
        0.22792361676692963,
        0.19976311922073364,
        0.1785503476858139,
        0.1588985174894333,
        0.1498998999595642,
        0.15052855014801025,
        0.15567804872989655,
        0.16701729595661163
      ],
      "validation_sq_2_kl_divergence": [
        0.3186921775341034,
        0.31837645173072815,
        0.4168717563152313,
        0.2899691164493561,
        0.28672489523887634,
        0.28951725363731384,
        0.28591179847717285,
        0.2763078212738037,
        0.3199540078639984,
        0.34613144397735596
      ]
    },
    "best_epoch_sq_2_kl_divergence": 8,
    "training_sq_2_kl_divergence": 0.15052855014801025,
    "validation_sq_2_kl_divergence": 0.2763078212738037
  },
  "fold2": {
    "training_history": {
      "training_sq_2_kl_divergence": [
        0.29851096868515015,
        0.25896602869033813,
        0.23499689996242523,
        0.20408174395561218,
        0.18284496665000916,
        0.16671602427959442,
        0.15961505472660065,
        0.16197331249713898,
        0.17135144770145416,
        0.18514618277549744
      ],
      "validation_sq_2_kl_divergence": [
        0.30093953013420105,
        0.27577880024909973,
        0.267270028591156,
        0.24966172873973846,
        0.24975626170635223,
        0.24868960678577423,
        0.24849779903888702,
        0.2542058229446411,
        0.26977449655532837,
        0.2803022861480713
      ]
    },
    "best_epoch_sq_2_kl_divergence": 7,
    "training_sq_2_kl_divergence": 0.15961505472660065,
    "validation_sq_2_kl_divergence": 0.24849779903888702
  },
  "fold3": {
    "training_history": {
      "training_sq_2_kl_divergence": [
        0.2827150821685791,
        0.24475541710853577,
        0.21675923466682434,
        0.18793639540672302,
        0.16814741492271423,
        0.15231148898601532,
        0.1448119878768921,
        0.14447247982025146,
        0.15566284954547882,
        0.1715327501296997
      ],
      "validation_sq_2_kl_divergence": [
        0.31561240553855896,
        0.30264413356781006,
        0.2716280221939087,
        0.2616916596889496,
        0.2610778212547302,
        0.25779464840888977,
        0.2580704092979431,
        0.28477972745895386,
        0.2941070795059204,
        0.294546902179718
      ]
    },
    "best_epoch_sq_2_kl_divergence": 6,
    "training_sq_2_kl_divergence": 0.15231148898601532,
    "validation_sq_2_kl_divergence": 0.25779464840888977
  },
  "fold4": {
    "training_history": {
      "training_sq_2_kl_divergence": [
        0.2837527394294739,
        0.2473919540643692,
        0.21602599322795868,
        0.19008204340934753,
        0.16710112988948822,
        0.1522776037454605,
        0.1468638926744461,
        0.14941132068634033,
        0.15556016564369202,
        0.16919924318790436
      ],
      "validation_sq_2_kl_divergence": [
        0.33796828985214233,
        0.29819539189338684,
        0.29353612661361694,
        0.30409732460975647,
        0.27922800183296204,
        0.27507442235946655,
        0.28064393997192383,
        0.27885812520980835,
        0.29350215196609497,
        0.3386574387550354
      ]
    },
    "best_epoch_sq_2_kl_divergence": 6,
    "training_sq_2_kl_divergence": 0.1522776037454605,
    "validation_sq_2_kl_divergence": 0.27507442235946655
  },
  "fold5": {
    "training_history": {
      "training_sq_2_kl_divergence": [
        0.2852590084075928,
        0.24406670033931732,
        0.21931122243404388,
        0.19386866688728333,
        0.1681419014930725,
        0.15246716141700745,
        0.14898930490016937,
        0.14950163662433624,
        0.1602083146572113,
        0.17438659071922302
      ],
      "validation_sq_2_kl_divergence": [
        0.3049941658973694,
        0.28257623314857483,
        0.2947075068950653,
        0.28082114458084106,
        0.2740353047847748,
        0.27523449063301086,
        0.2797733247280121,
        0.3026919662952423,
        0.3176243007183075,
        0.32637113332748413
      ]
    },
    "best_epoch_sq_2_kl_divergence": 5,
    "training_sq_2_kl_divergence": 0.1681419014930725,
    "validation_sq_2_kl_divergence": 0.2740353047847748
  }
}