kl_divergence,log_loss,accuracy,sq_0_kl_divergence,sq_0_log_loss,sq_0_accuracy,sq_1_kl_divergence,sq_1_log_loss,sq_1_accuracy,sq_2_kl_divergence,sq_2_log_loss,sq_2_accuracy,fold
0.6182806867559884,0.8878470170261797,0.6884176182707994,0.48920780172523276,0.5660452114693624,0.8022388059701493,1.0014695639356375,1.2466184150566948,0.5637087599544938,0.25190155374513756,0.6922627718648265,0.7549623545516769,1
0.5937748284788911,0.8267640028768118,0.6893046893046894,0.47953271822424537,0.623566348805061,0.7802450229709035,0.926081886055863,1.1280445607405547,0.5647840531561462,0.22323551049085139,0.5977282171050677,0.7764995891536566,2
0.6827859150775378,0.9199677540968882,0.6907593778591034,0.397114120309707,0.4696497946237379,0.8634146341463415,1.1730053126084576,1.430207621305407,0.5007966011683483,0.2286899516253617,0.5967822260574394,0.8061953931691819,3
0.7269052573386039,0.9647497353660801,0.6556803995006242,0.5408927536533984,0.610196466617197,0.8137535816618912,1.1852008302841075,1.4165710695711105,0.4814169570267131,0.24597492946340413,0.6356080969186844,0.7645631067961165,4
0.6916583224652258,0.9172827408844932,0.6812819942132206,0.566118459113028,0.6953831545212236,0.7764887857695282,1.0347104268011493,1.2275997658620406,0.5655206776283009,0.2506000407487069,0.6357319412514426,0.7728415758591786,5
0.6620525862518115,0.902563331054436,0.6814797580269893,0.4938562108506232,0.5946290324421505,0.8064895763281775,1.0635828290754799,1.28868926691061,0.5359633827375763,0.24043627031343345,0.6337134442698962,0.7744266415331448,OOF
