{
  "fold1": {
    "training_history": {
      "training_sq_2_kl_divergence": [
        0.29932714223106693,
        0.276186357737317,
        0.2513314508339485,
        0.22536288002122493,
        0.20135544954585471,
        0.18631126942500204,
        0.1802352702829219,
        0.17899816235755686,
        0.18486767398499834,
        0.20125831345169098
      ],
      "validation_sq_2_kl_divergence": [
        0.3393747806549072,
        0.3185078501701355,
        0.30653974413871765,
        0.2777039110660553,
        0.2625699043273926,
        0.2548352777957916,
        0.25734710693359375,
        0.26460832357406616,
        0.2975134253501892,
        0.2847345173358917
      ]
    },
    "best_epoch_sq_2_kl_divergence": 6,
    "training_sq_2_kl_divergence": 0.18631126942500204,
    "validation_sq_2_kl_divergence": 0.2548352777957916
  },
  "fold2": {
    "training_history": {
      "training_sq_2_kl_divergence": [
        0.3028825448468139,
        0.27982546373648964,
        0.25419092765639734,
        0.22339422617094498,
        0.19900127169817097,
        0.18617490527127628,
        0.1793076003727658,
        0.17978559199175118,
        0.1939637307290756,
        0.20859456998374265
      ],
      "validation_sq_2_kl_divergence": [
        0.28395840525627136,
        0.2630414664745331,
        0.25405243039131165,
        0.24925291538238525,
        0.22908766567707062,
        0.22644850611686707,
        0.23149697482585907,
        0.23947471380233765,
        0.2519288659095764,
        0.27890726923942566
      ]
    },
    "best_epoch_sq_2_kl_divergence": 6,
    "training_sq_2_kl_divergence": 0.18617490527127628,
    "validation_sq_2_kl_divergence": 0.22644850611686707
  },
  "fold3": {
    "training_history": {
      "training_sq_2_kl_divergence": [
        0.30118393669794563,
        0.2737786213491846,
        0.2388329725012759,
        0.215245537736127,
        0.18980105296592492,
        0.17470238618558023,
        0.17306167164283853,
        0.17580010596787027,
        0.1819194706998052,
        0.19795097388745708
      ],
      "validation_sq_2_kl_divergence": [
        0.3668602705001831,
        0.28452688455581665,
        0.25766125321388245,
        0.24598126113414764,
        0.23735585808753967,
        0.23148036003112793,
        0.23061205446720123,
        0.24181289970874786,
        0.2637345492839813,
        0.27705690264701843
      ]
    },
    "best_epoch_sq_2_kl_divergence": 7,
    "training_sq_2_kl_divergence": 0.17306167164283853,
    "validation_sq_2_kl_divergence": 0.23061205446720123
  },
  "fold4": {
    "training_history": {
      "training_sq_2_kl_divergence": [
        0.29825862538907777,
        0.26389805094396795,
        0.24084982680312472,
        0.21772213596796708,
        0.19798782177269106,
        0.1861713562307584,
        0.1806300190291249,
        0.1798649886911056,
        0.1910670970762534,
        0.206599914845441
      ],
      "validation_sq_2_kl_divergence": [
        0.2902193069458008,
        0.30095863342285156,
        0.2841196656227112,
        0.26234006881713867,
        0.25886210799217224,
        0.24949927628040314,
        0.25282979011535645,
        0.2491184026002884,
        0.28206637501716614,
        0.29689791798591614
      ]
    },
    "best_epoch_sq_2_kl_divergence": 8,
    "training_sq_2_kl_divergence": 0.1798649886911056,
    "validation_sq_2_kl_divergence": 0.2491184026002884
  },
  "fold5": {
    "training_history": {
      "training_sq_2_kl_divergence": [
        0.31000656114892117,
        0.27382251191907625,
        0.24202587795812316,
        0.22075279147825608,
        0.19737173037568573,
        0.18219767366998252,
        0.17325370796545872,
        0.17922606470239363,
        0.19032917344922765,
        0.20533564637868457
      ],
      "validation_sq_2_kl_divergence": [
        0.2866363525390625,
        0.3085699677467346,
        0.27867549657821655,
        0.2604990601539612,
        0.26394158601760864,
        0.24833481013774872,
        0.25185340642929077,
        0.2834438681602478,
        0.282522588968277,
        0.26868751645088196
      ]
    },
    "best_epoch_sq_2_kl_divergence": 6,
    "training_sq_2_kl_divergence": 0.18219767366998252,
    "validation_sq_2_kl_divergence": 0.24833481013774872
  }
}