kl_divergence,log_loss,accuracy,sq_0_kl_divergence,sq_0_log_loss,sq_0_accuracy,sq_1_kl_divergence,sq_1_log_loss,sq_1_accuracy,sq_2_kl_divergence,sq_2_log_loss,sq_2_accuracy,fold
0.5028233372680414,0.7242547371212293,0.729899790258681,0.4862784150259093,0.5417955538767133,0.8404850746268657,0.5941455537314452,0.7242658470911625,0.7411831626848692,0.40507638319610567,0.8581197016051297,0.6351813826146475,1
0.5947770885352662,0.800421446437724,0.735966735966736,0.5771783408721667,0.6780576228545183,0.8078101071975498,0.7437909831175114,0.8951602124730028,0.694905869324474,0.392529652900487,0.791143666766362,0.7198027937551356,2
0.532953203269226,0.7170157620734846,0.7351326623970723,0.3783114264784487,0.4537980839508433,0.8560975609756097,0.7289795371066528,0.8926358778719157,0.6627721720658524,0.39084978693624856,0.7115074745773788,0.7251787132644957,3
0.5994591225658297,0.8171583573736491,0.6946317103620474,0.6629289027639936,0.7241291049697481,0.7679083094555874,0.6552080213125892,0.8198651275667588,0.6817653890824622,0.4680250906002973,0.892191180184611,0.6504854368932039,4
0.5746464460218136,0.7476099148786718,0.7306921878477632,0.6282630971521757,0.7238624381399603,0.7594740912606341,0.6306016463897159,0.7313329415459073,0.7448928749377179,0.4224013353345225,0.8007309315609958,0.6756077116512993,5
0.5605024024677313,0.7603222428679718,0.7257794322940903,0.5458707421766948,0.6251911630601328,0.8061533288500337,0.670700586785786,0.8119382110176459,0.7056451612903226,0.41533284169308715,0.8121807943847196,0.6797046811184417,OOF
