{
  "fold1": {
    "training_history": {
      "training_kl_divergence": [
        0.7411569952964783,
        0.5400311946868896,
        0.45728743076324463,
        0.4068812131881714,
        0.3883841931819916,
        0.3992958664894104,
        0.4144164025783539,
        0.3992496728897095,
        0.36894550919532776,
        0.32175740599632263
      ],
      "validation_kl_divergence": [
        0.6710938215255737,
        0.5847525000572205,
        0.5091646313667297,
        0.5159077644348145,
        0.5448331832885742,
        0.717439591884613,
        0.6016442179679871,
        0.5897112488746643,
        0.6610791683197021,
        0.5450329780578613
      ]
    },
    "best_epoch_kl_divergence": 3,
    "training_kl_divergence": 0.45728743076324463,
    "validation_kl_divergence": 0.5091646313667297
  },
  "fold2": {
    "training_history": {
      "training_kl_divergence": [
        0.7159783244132996,
        0.5323489904403687,
        0.45517441630363464,
        0.40774840116500854,
        0.39035770297050476,
        0.3989160358905792,
        0.41107305884361267,
        0.3977060914039612,
        0.3651755452156067,
        0.3179354965686798
      ],
      "validation_kl_divergence": [
        0.7381060719490051,
        0.6788507103919983,
        0.6745489835739136,
        0.6338528990745544,
        0.6800571084022522,
        0.6309076547622681,
        0.6054200530052185,
        0.6526238322257996,
        0.6096755862236023,
        0.6129207611083984
      ]
    },
    "best_epoch_kl_divergence": 7,
    "training_kl_divergence": 0.41107305884361267,
    "validation_kl_divergence": 0.6054200530052185
  },
  "fold3": {
    "training_history": {
      "training_kl_divergence": [
        0.7498296499252319,
        0.5288736820220947,
        0.4508439302444458,
        0.39976945519447327,
        0.3866422474384308,
        0.3899279236793518,
        0.40584397315979004,
        0.3951038420200348,
        0.35844409465789795,
        0.31218501925468445
      ],
      "validation_kl_divergence": [
        0.8591402173042297,
        0.5570429563522339,
        0.5403835773468018,
        0.5535830855369568,
        0.5611992478370667,
        0.7566483020782471,
        0.6554350852966309,
        0.6588398218154907,
        0.5563251376152039,
        0.6373801827430725
      ]
    },
    "best_epoch_kl_divergence": 3,
    "training_kl_divergence": 0.4508439302444458,
    "validation_kl_divergence": 0.5403835773468018
  },
  "fold4": {
    "training_history": {
      "training_kl_divergence": [
        0.7203699946403503,
        0.5195715427398682,
        0.44486770033836365,
        0.39936625957489014,
        0.38048887252807617,
        0.39102083444595337,
        0.4011979401111603,
        0.38873258233070374,
        0.35017216205596924,
        0.3068980276584625
      ],
      "validation_kl_divergence": [
        0.9074862003326416,
        0.645898699760437,
        0.6268637776374817,
        0.6050454378128052,
        0.6232458353042603,
        0.6228477358818054,
        0.8002532124519348,
        0.6103761792182922,
        0.6568766832351685,
        0.6139230728149414
      ]
    },
    "best_epoch_kl_divergence": 4,
    "training_kl_divergence": 0.39936625957489014,
    "validation_kl_divergence": 0.6050454378128052
  },
  "fold5": {
    "training_history": {
      "training_kl_divergence": [
        0.7352275848388672,
        0.5275344848632812,
        0.4556941092014313,
        0.40566113591194153,
        0.38499924540519714,
        0.3885948657989502,
        0.40216657519340515,
        0.40208056569099426,
        0.36140087246894836,
        0.3197261691093445
      ],
      "validation_kl_divergence": [
        0.6488739848136902,
        0.6669131517410278,
        0.6006510853767395,
        0.6474289894104004,
        0.5751263499259949,
        0.7601576447486877,
        0.8192858099937439,
        0.7651546597480774,
        0.6176265478134155,
        0.6418741941452026
      ]
    },
    "best_epoch_kl_divergence": 5,
    "training_kl_divergence": 0.38499924540519714,
    "validation_kl_divergence": 0.5751263499259949
  }
}