kl_divergence,log_loss,accuracy,sq_0_kl_divergence,sq_0_log_loss,sq_0_accuracy,sq_1_kl_divergence,sq_1_log_loss,sq_1_accuracy,sq_2_kl_divergence,sq_2_log_loss,sq_2_accuracy,fold
0.5450192297869726,0.7793957798831683,0.7007690515031462,0.5817018251874502,0.6469131714575552,0.7901119402985075,0.5880633966372412,0.7159203415172402,0.7309442548350398,0.4663091766780854,0.952983169944468,0.5989048596851472,1
0.5729918162677095,0.7543766739262691,0.7364287364287364,0.5692494569913886,0.6482010643465189,0.8024502297090352,0.6969787653354611,0.8270759054622114,0.6960132890365448,0.3930140769074101,0.7604329877777408,0.7255546425636812,2
0.514085864948586,0.7058685304530022,0.7470265324794144,0.4114057406325414,0.468807146076212,0.8569105691056911,0.6721093232269848,0.8325948704972465,0.6999468932554435,0.37805598486162,0.747933506211652,0.710087370929309,3
0.6164226744642765,0.8162367666582852,0.7073657927590512,0.6507788662119786,0.6819271028850221,0.7841451766953199,0.7651155018589493,0.9246329951074012,0.6695702671312428,0.38016055348250405,0.7789907412385674,0.6949838187702265,4
0.5506401267308533,0.7449694965054602,0.7451591364344536,0.5577338524694669,0.6550623145426244,0.7880897138437741,0.6565136747626205,0.7953745101048224,0.7349277528649726,0.36483928994981046,0.7576158703395144,0.7158424140821459,5
0.5588432475488684,0.7590654874970444,0.727873429502094,0.5507008326457109,0.6182998569161104,0.8051445864156019,0.674944724996754,0.818286600496262,0.7070619006102877,0.39910148298433545,0.805226505061382,0.6856738925541942,OOF
