{
  "fold4": {
    "training_history": {
      "training_kl_divergence": [
        0.754915177822113,
        0.5456488728523254,
        0.46950316429138184,
        0.4263516664505005,
        0.4036296606063843
      ],
      "validation_kl_divergence": [
        0.774789035320282,
        0.6968198418617249,
        0.624009907245636,
        0.6382400393486023,
        0.6551311612129211
      ]
    },
    "best_epoch_kl_divergence": 3,
    "training_kl_divergence": 0.46950316429138184,
    "validation_kl_divergence": 0.624009907245636
  },
  "fold5": {
    "training_history": {
      "training_kl_divergence": [
        0.7385837435722351,
        0.5541479587554932,
        0.48233166337013245,
        0.4235055148601532,
        0.4043352007865906
      ],
      "validation_kl_divergence": [
        0.7303574085235596,
        0.6380854845046997,
        0.5618578791618347,
        0.5667663216590881,
        0.6442437767982483
      ]
    },
    "best_epoch_kl_divergence": 3,
    "training_kl_divergence": 0.48233166337013245,
    "validation_kl_divergence": 0.5618578791618347
  }
}