kl_divergence,log_loss,accuracy,sq_0_kl_divergence,sq_0_log_loss,sq_0_accuracy,sq_1_kl_divergence,sq_1_log_loss,sq_1_accuracy,sq_2_kl_divergence,sq_2_log_loss,sq_2_accuracy,fold
0.5109408990617984,0.7271001782327993,0.7518061058028431,0.5820444261703728,0.6247576803370672,0.8180970149253731,0.5719684227965296,0.7059151543437064,0.7747440273037542,0.38533558230201115,0.8276850035177067,0.675564681724846,1
0.5526770328624225,0.7651346203001799,0.7105567105567105,0.574576597205815,0.6620199727121784,0.774885145482389,0.6247602261080074,0.7903950365373759,0.6904761904761905,0.4222061388328446,0.8383042324822287,0.6713229252259655,2
0.5394313820957246,0.726115969860567,0.7390210430009149,0.4416951017884902,0.4940113289848866,0.8398373983739837,0.6964753398492157,0.8449433027524788,0.7010090281465746,0.4000365070584524,0.7751523800604218,0.6973788721207307,3
0.5797333309985296,0.7809752457694774,0.7028714107365793,0.6177212378593276,0.661363864054422,0.7736389684813754,0.6989211301944509,0.8470296927618681,0.6846689895470384,0.3815013498507692,0.7902692254901622,0.6682847896440129,4
0.5645254205394467,0.7625726945286335,0.7277987981304251,0.6117907840988519,0.7166569684055126,0.7548337200309359,0.6576116607556476,0.7972341129345236,0.7184853014449427,0.35669792749986023,0.7540258103178821,0.7141659681475272,5
0.5491682168818501,0.7520185496570836,0.7267566309911587,0.5641279851855764,0.6323230797155615,0.7915265635507733,0.6504652691690129,0.797527736704575,0.7138186573670444,0.38918039821116646,0.7982573738582135,0.6848884699968583,OOF
