{
  "fold1": {
    "training_history": {
      "training_kl_divergence": [
        0.8175117373466492,
        0.5414984226226807,
        0.4516001045703888,
        0.3990527391433716,
        0.37337857484817505,
        0.37886369228363037,
        0.3917454183101654,
        0.37528014183044434,
        0.34060367941856384,
        0.2913382053375244
      ],
      "validation_kl_divergence": [
        0.5983852744102478,
        0.5504607558250427,
        0.5295953154563904,
        0.5798156261444092,
        0.5718142986297607,
        0.517560601234436,
        0.5492864847183228,
        0.6589922904968262,
        0.5631487965583801,
        0.5492478609085083
      ]
    },
    "best_epoch_kl_divergence": 6,
    "training_kl_divergence": 0.37886369228363037,
    "validation_kl_divergence": 0.517560601234436
  },
  "fold2": {
    "training_history": {
      "training_kl_divergence": [
        0.7796351313591003,
        0.5301512479782104,
        0.44150689244270325,
        0.38716498017311096,
        0.3611929416656494,
        0.37259823083877563,
        0.3817029297351837,
        0.37111228704452515,
        0.3379566967487335,
        0.286666601896286
      ],
      "validation_kl_divergence": [
        0.6787996888160706,
        0.6076602339744568,
        0.5640639066696167,
        0.5595366954803467,
        0.6144688725471497,
        0.5795208215713501,
        0.6701458692550659,
        0.5857561230659485,
        0.5847888588905334,
        0.5927343964576721
      ]
    },
    "best_epoch_kl_divergence": 4,
    "training_kl_divergence": 0.38716498017311096,
    "validation_kl_divergence": 0.5595366954803467
  },
  "fold3": {
    "training_history": {
      "training_kl_divergence": [
        0.7770727872848511,
        0.5314263701438904,
        0.4430278241634369,
        0.38611993193626404,
        0.3632892370223999,
        0.37115758657455444,
        0.3793887495994568,
        0.37434032559394836,
        0.33702319860458374,
        0.2864140272140503
      ],
      "validation_kl_divergence": [
        0.6900359988212585,
        0.6005814671516418,
        0.5426064729690552,
        0.5753371119499207,
        0.5869124531745911,
        0.5506757497787476,
        0.6457221508026123,
        0.5860173106193542,
        0.5815435647964478,
        0.61503666639328
      ]
    },
    "best_epoch_kl_divergence": 3,
    "training_kl_divergence": 0.4430278241634369,
    "validation_kl_divergence": 0.5426064729690552
  },
  "fold4": {
    "training_history": {
      "training_kl_divergence": [
        0.7390261292457581,
        0.5129015445709229,
        0.43286222219467163,
        0.37448668479919434,
        0.35907357931137085,
        0.3727051317691803,
        0.37715891003608704,
        0.36736568808555603,
        0.3260311186313629,
        0.2713814973831177
      ],
      "validation_kl_divergence": [
        0.6527897119522095,
        0.6379588842391968,
        0.5838554501533508,
        0.60431307554245,
        0.5927411317825317,
        0.6219446063041687,
        0.67519611120224,
        0.6344478130340576,
        0.6624453663825989,
        0.6737174391746521
      ]
    },
    "best_epoch_kl_divergence": 3,
    "training_kl_divergence": 0.43286222219467163,
    "validation_kl_divergence": 0.5838554501533508
  },
  "fold5": {
    "training_history": {
      "training_kl_divergence": [
        0.809438169002533,
        0.5424062013626099,
        0.4600754976272583,
        0.3981472849845886,
        0.3747860789299011,
        0.37437182664871216,
        0.3901676535606384,
        0.3794834315776825,
        0.3465288579463959,
        0.29236623644828796
      ],
      "validation_kl_divergence": [
        0.7073857188224792,
        0.6285825967788696,
        0.5730104446411133,
        0.5759701132774353,
        0.6155787706375122,
        0.5886788964271545,
        0.5869342684745789,
        0.5946933031082153,
        0.725332498550415,
        0.6033290028572083
      ]
    },
    "best_epoch_kl_divergence": 3,
    "training_kl_divergence": 0.4600754976272583,
    "validation_kl_divergence": 0.5730104446411133
  }
}