kl_divergence,log_loss,accuracy,sq_0_kl_divergence,sq_0_log_loss,sq_0_accuracy,sq_1_kl_divergence,sq_1_log_loss,sq_1_accuracy,sq_2_kl_divergence,sq_2_log_loss,sq_2_accuracy,fold
0.5993477548442937,0.8634234979217558,0.6816592868795153,0.47870343959395784,0.5535671277909735,0.7985074626865671,0.9664550881071882,1.1987463174151785,0.5534698521046644,0.24613489657748444,0.6872896937538987,0.7501711156741958,1
0.5932239731535893,0.8302450043006065,0.6904596904596905,0.4705898373816094,0.622026848363899,0.7840735068912711,0.9343003060027311,1.142034118165158,0.562015503875969,0.2186769922108253,0.5910024176234994,0.780608052588332,2
0.6570307566822998,0.8893482447072955,0.6955626715462031,0.3929850151699648,0.46448323950759557,0.8512195121951219,1.1104823494317662,1.3604307280430723,0.5252257036643654,0.236797963126245,0.5998610646233898,0.7982525814138205,3
0.7625472993729348,0.9950547251458611,0.6544319600499375,0.5244836776356535,0.5941074652483135,0.8213944603629417,1.2733390215753002,1.5039995018413732,0.4732868757259001,0.25257097763058867,0.6256282491289205,0.7653721682847896,4
0.6505067559955096,0.8739765182061578,0.6866236367683063,0.5496875609573028,0.6816675810703865,0.7733952049497294,0.9600201098556755,1.1461539519778636,0.5769805680119582,0.23907835531407468,0.624517462159837,0.7770326906957251,5
0.6509602165058258,0.8887520730371948,0.6822242903676129,0.48268534134607993,0.585160071955029,0.804808338937458,1.045865607797122,1.2665452079465653,0.5394507410636443,0.2389663564620359,0.627855971326284,0.7734841344643418,OOF
