{
  "fold1": {
    "training_history": {
      "training_sq_2_kl_divergence": [
        0.3025733385277302,
        0.2733726530858163,
        0.2522172010683999,
        0.22575356708227515,
        0.20314203482821927,
        0.1880519490730287,
        0.18191906099327823,
        0.1807047967532917,
        0.18778418748079787,
        0.20172732760141243
      ],
      "validation_sq_2_kl_divergence": [
        0.3460933268070221,
        0.3302558958530426,
        0.3044436573982239,
        0.2702062726020813,
        0.2680172026157379,
        0.2468208223581314,
        0.25422388315200806,
        0.25540563464164734,
        0.2996198236942291,
        0.2907043397426605
      ]
    },
    "best_epoch_sq_2_kl_divergence": 6,
    "training_sq_2_kl_divergence": 0.1880519490730287,
    "validation_sq_2_kl_divergence": 0.2468208223581314
  },
  "fold2": {
    "training_history": {
      "training_sq_2_kl_divergence": [
        0.2959777569668181,
        0.26786396247554006,
        0.2452643342686649,
        0.21665258876586693,
        0.19387539128999506,
        0.17916851695956398,
        0.17301523475318,
        0.17435515494857262,
        0.18840610265943003,
        0.20243016523248797
      ],
      "validation_sq_2_kl_divergence": [
        0.27876803278923035,
        0.2681595981121063,
        0.2548435926437378,
        0.2436981052160263,
        0.22565005719661713,
        0.2229989916086197,
        0.22795812785625458,
        0.2383257895708084,
        0.2629341781139374,
        0.2432193011045456
      ]
    },
    "best_epoch_sq_2_kl_divergence": 6,
    "training_sq_2_kl_divergence": 0.17916851695956398,
    "validation_sq_2_kl_divergence": 0.2229989916086197
  },
  "fold3": {
    "training_history": {
      "training_sq_2_kl_divergence": [
        0.29578883601429773,
        0.2680617158424664,
        0.24509123107418793,
        0.21286290777374753,
        0.18657892393709094,
        0.17276700115749782,
        0.17045292844088206,
        0.1734080129547129,
        0.18052731380366874,
        0.1959443352428114
      ],
      "validation_sq_2_kl_divergence": [
        0.36208096146583557,
        0.295038104057312,
        0.27405595779418945,
        0.24439363181591034,
        0.24540719389915466,
        0.2417156994342804,
        0.24457699060440063,
        0.25078627467155457,
        0.27685144543647766,
        0.27466821670532227
      ]
    },
    "best_epoch_sq_2_kl_divergence": 6,
    "training_sq_2_kl_divergence": 0.17276700115749782,
    "validation_sq_2_kl_divergence": 0.2417156994342804
  },
  "fold4": {
    "training_history": {
      "training_sq_2_kl_divergence": [
        0.3031804205049087,
        0.26983007095396155,
        0.2461396366646519,
        0.22030059731416043,
        0.19978415970966087,
        0.18625954301504416,
        0.17905502028879638,
        0.18089690396438038,
        0.19097952542735616,
        0.20497705045535836
      ],
      "validation_sq_2_kl_divergence": [
        0.3300333321094513,
        0.327128142118454,
        0.26216447353363037,
        0.2606065273284912,
        0.2589870095252991,
        0.25549250841140747,
        0.25357261300086975,
        0.2583569288253784,
        0.27010437846183777,
        0.31150275468826294
      ]
    },
    "best_epoch_sq_2_kl_divergence": 7,
    "training_sq_2_kl_divergence": 0.17905502028879638,
    "validation_sq_2_kl_divergence": 0.25357261300086975
  },
  "fold5": {
    "training_history": {
      "training_sq_2_kl_divergence": [
        0.30581712828881735,
        0.2693718684017206,
        0.23962451541847435,
        0.2167449035705737,
        0.19418058456225007,
        0.17842014810843246,
        0.17099179621783536,
        0.17824699583967757,
        0.18604957173861936,
        0.20338424454441822
      ],
      "validation_sq_2_kl_divergence": [
        0.28095465898513794,
        0.27405425906181335,
        0.2774377465248108,
        0.25478050112724304,
        0.24893467128276825,
        0.24028359353542328,
        0.24125908315181732,
        0.25517797470092773,
        0.2811649739742279,
        0.2690914273262024
      ]
    },
    "best_epoch_sq_2_kl_divergence": 6,
    "training_sq_2_kl_divergence": 0.17842014810843246,
    "validation_sq_2_kl_divergence": 0.24028359353542328
  }
}