kl_divergence,log_loss,accuracy,sq_0_kl_divergence,sq_0_log_loss,sq_0_accuracy,sq_1_kl_divergence,sq_1_log_loss,sq_1_accuracy,sq_2_kl_divergence,sq_2_log_loss,sq_2_accuracy,fold
0.5722607113028412,0.822773872333958,0.6944768119319505,0.4678603021362548,0.5419603480302383,0.808768656716418,0.9001316802044593,1.1030137436424667,0.5910125142207053,0.2543415294394162,0.6916105624730611,0.7351129363449692,1
0.586111245793188,0.8220292347857324,0.6920766920766921,0.4990822902771582,0.6157289019549292,0.7963246554364471,0.8642790119392029,1.0657392776177688,0.5885935769656699,0.2667101202748906,0.6817563484442134,0.733771569433032,2
0.6745190457489856,0.9092262626846467,0.692131747483989,0.39579223285761833,0.4688004097255965,0.8577235772357723,1.1427986699868389,1.3940970072236192,0.5087626128518322,0.2464518872235715,0.6143193422499739,0.8046068308181096,3
0.7165662303402833,0.952535542058281,0.647191011235955,0.5407742345653134,0.6284442359867434,0.7745940783190067,1.1577780812285565,1.3823404269344186,0.491869918699187,0.25077934712570965,0.6282633622040661,0.7556634304207119,4
0.6515480330195047,0.863622609582374,0.6955263743601158,0.5662978542686709,0.6912078584344827,0.7726218097447796,0.9418888677383762,1.1089012105457734,0.5974090682610862,0.25549977303966626,0.6378540606307239,0.7770326906957251,5
0.6393251106618537,0.8729355837518264,0.6849232201023732,0.49404605086855724,0.5906961699794794,0.8022864828513786,1.0003568110694587,1.2091175791248538,0.5564516129032258,0.25467116229715747,0.6520675415864196,0.7604461200125667,OOF
