{
  "fold1": {
    "training_history": {
      "training_sq_2_kl_divergence": [
        0.22918338689079906,
        0.19446447368756808,
        0.17865509272229377,
        0.16275029619307427,
        0.14699140964136828,
        0.1366974452587745,
        0.1347937508164215,
        0.13191341722489985,
        0.13190977272367133,
        0.13630588428033497
      ],
      "validation_sq_2_kl_divergence": [
        0.26049014925956726,
        0.265371710062027,
        0.274899959564209,
        0.26514527201652527,
        0.2708989083766937,
        0.2611531913280487,
        0.258675217628479,
        0.2640416920185089,
        0.2687471807003021,
        0.26679670810699463
      ]
    },
    "best_epoch_sq_2_kl_divergence": 7,
    "training_sq_2_kl_divergence": 0.1347937508164215,
    "validation_sq_2_kl_divergence": 0.258675217628479
  },
  "fold2": {
    "training_history": {
      "training_sq_2_kl_divergence": [
        0.23306936089288569,
        0.20128752607571762,
        0.1822207377403009,
        0.16227959743489148,
        0.1487581456136176,
        0.14132265265470373,
        0.137118773884247,
        0.13579793767933687,
        0.13632828303686836,
        0.13871044885133815
      ],
      "validation_sq_2_kl_divergence": [
        0.2961660623550415,
        0.2810693383216858,
        0.285837322473526,
        0.27913758158683777,
        0.27586379647254944,
        0.2802561819553375,
        0.2791203260421753,
        0.27549007534980774,
        0.3018812835216522,
        0.31166762113571167
      ]
    },
    "best_epoch_sq_2_kl_divergence": 8,
    "training_sq_2_kl_divergence": 0.13579793767933687,
    "validation_sq_2_kl_divergence": 0.27549007534980774
  },
  "fold3": {
    "training_history": {
      "training_sq_2_kl_divergence": [
        0.2401904490352427,
        0.20864386345277572,
        0.18628076286156559,
        0.17139710499114835,
        0.15809603607543285,
        0.1467535852198968,
        0.14062553842799547,
        0.14086793833819933,
        0.14389597863945652,
        0.14444011455343925
      ],
      "validation_sq_2_kl_divergence": [
        0.2756982147693634,
        0.2766414284706116,
        0.26497262716293335,
        0.26027610898017883,
        0.25396162271499634,
        0.2561340034008026,
        0.2602674663066864,
        0.25691327452659607,
        0.26578155159950256,
        0.28064537048339844
      ]
    },
    "best_epoch_sq_2_kl_divergence": 5,
    "training_sq_2_kl_divergence": 0.15809603607543285,
    "validation_sq_2_kl_divergence": 0.25396162271499634
  },
  "fold4": {
    "training_history": {
      "training_sq_2_kl_divergence": [
        0.241452880291886,
        0.20983806229893678,
        0.18892763056513576,
        0.17369395353880826,
        0.15447755433802285,
        0.14685186421952875,
        0.14390700280262753,
        0.1413301960615814,
        0.14242410345952577,
        0.14625267755389154
      ],
      "validation_sq_2_kl_divergence": [
        0.2697809338569641,
        0.2749616503715515,
        0.25094056129455566,
        0.2580472528934479,
        0.254631906747818,
        0.2536855638027191,
        0.2554854154586792,
        0.2559240162372589,
        0.2696864902973175,
        0.2689807713031769
      ]
    },
    "best_epoch_sq_2_kl_divergence": 3,
    "training_sq_2_kl_divergence": 0.18892763056513576,
    "validation_sq_2_kl_divergence": 0.25094056129455566
  },
  "fold5": {
    "training_history": {
      "training_sq_2_kl_divergence": [
        0.24165239589017842,
        0.21583411283141585,
        0.19083238092724614,
        0.17291582177135686,
        0.15947150314396824,
        0.14695195778489414,
        0.1475688290073329,
        0.14680181657196364,
        0.14709165469067467,
        0.14733967942739268
      ],
      "validation_sq_2_kl_divergence": [
        0.2789701223373413,
        0.2720274329185486,
        0.26638519763946533,
        0.26310765743255615,
        0.2666391134262085,
        0.26586323976516724,
        0.26361024379730225,
        0.26759520173072815,
        0.2841033637523651,
        0.2883157432079315
      ]
    },
    "best_epoch_sq_2_kl_divergence": 4,
    "training_sq_2_kl_divergence": 0.17291582177135686,
    "validation_sq_2_kl_divergence": 0.26310765743255615
  }
}