kl_divergence,log_loss,accuracy,sq_0_kl_divergence,sq_0_log_loss,sq_0_accuracy,sq_1_kl_divergence,sq_1_log_loss,sq_1_accuracy,sq_2_kl_divergence,sq_2_log_loss,sq_2_accuracy,fold
0.48292222686917236,0.726028034882261,0.7338615707294337,0.47818608838458987,0.5380514587105155,0.8274253731343284,0.6129630248050832,0.7843928240067017,0.7195676905574516,0.3299211438329922,0.7937252219974867,0.6824093086926762,1
0.5034898191465664,0.6943131874123014,0.7382767382767382,0.45448657003597454,0.5466124492667163,0.8147013782542113,0.6529008194211529,0.8080359882003223,0.6854928017718716,0.3343542208248985,0.6840533565125217,0.7345932621199671,2
0.5238110126190159,0.7096163447878941,0.7394784995425434,0.4307182264046497,0.4937866391455209,0.8357723577235773,0.6925057557933222,0.8457489593030415,0.6999468932554435,0.36245432131357574,0.7168703756124344,0.704527402700556,3
0.5345320640177635,0.7220043072778722,0.736828963795256,0.5483021727423052,0.5824070752093301,0.8223495702005731,0.6480770308192668,0.7975055418317373,0.7125435540069687,0.36467629001551105,0.7350667474671992,0.698220064724919,4
0.5336197579387268,0.7166387215051119,0.7309147562875584,0.6015633489548446,0.6924746355321568,0.7440061871616396,0.5788930361208156,0.7100408893457318,0.7458893871449925,0.38381713220922775,0.7539279187447653,0.691533948030176,5
0.5156018119386357,0.7135875184630365,0.7358306188925081,0.5023288753787475,0.5721544216738806,0.8073301950235373,0.6362841310163491,0.7878353833492073,0.7132737576285963,0.3540508327996348,0.7387125029912167,0.7015394282123782,OOF
