{
  "fold1": {
    "training_history": {
      "training_kl_divergence": [
        0.7941408753395081,
        0.5838926434516907,
        0.4881264567375183,
        0.43129763007164,
        0.4281192719936371
      ],
      "validation_kl_divergence": [
        0.7390255928039551,
        0.5621616840362549,
        0.5297508239746094,
        0.5055046081542969,
        0.5186215043067932
      ]
    },
    "best_epoch_kl_divergence": 4,
    "training_kl_divergence": 0.43129763007164,
    "validation_kl_divergence": 0.5055046081542969
  },
  "fold2": {
    "training_history": {
      "training_kl_divergence": [
        0.8030571341514587,
        0.5843679308891296,
        0.49006178975105286,
        0.4380149245262146,
        0.4313903748989105
      ],
      "validation_kl_divergence": [
        0.6130374073982239,
        0.6251310706138611,
        0.5391368269920349,
        0.5036266446113586,
        0.5140069723129272
      ]
    },
    "best_epoch_kl_divergence": 4,
    "training_kl_divergence": 0.4380149245262146,
    "validation_kl_divergence": 0.5036266446113586
  },
  "fold3": {
    "training_history": {
      "training_kl_divergence": [
        0.776767373085022,
        0.5665649175643921,
        0.4755483567714691,
        0.4157108664512634,
        0.41532212495803833
      ],
      "validation_kl_divergence": [
        0.7161335945129395,
        0.5969700217247009,
        0.556608259677887,
        0.53394615650177,
        0.5725656747817993
      ]
    },
    "best_epoch_kl_divergence": 4,
    "training_kl_divergence": 0.4157108664512634,
    "validation_kl_divergence": 0.53394615650177
  },
  "fold4": {
    "training_history": {
      "training_kl_divergence": [
        0.7619551420211792,
        0.5564197301864624,
        0.4664115011692047,
        0.4094730317592621,
        0.41627785563468933
      ],
      "validation_kl_divergence": [
        0.7420883774757385,
        0.6586779356002808,
        0.5610681772232056,
        0.5653655529022217,
        0.5765612721443176
      ]
    },
    "best_epoch_kl_divergence": 3,
    "training_kl_divergence": 0.4664115011692047,
    "validation_kl_divergence": 0.5610681772232056
  },
  "fold5": {
    "training_history": {
      "training_kl_divergence": [
        0.7936591506004333,
        0.5760090351104736,
        0.48208680748939514,
        0.4253453314304352,
        0.4232507050037384
      ],
      "validation_kl_divergence": [
        0.8032732009887695,
        0.6571891903877258,
        0.5670983195304871,
        0.5296041965484619,
        0.5910237431526184
      ]
    },
    "best_epoch_kl_divergence": 4,
    "training_kl_divergence": 0.4253453314304352,
    "validation_kl_divergence": 0.5296041965484619
  }
}