kl_divergence,log_loss,accuracy,sq_0_kl_divergence,sq_0_log_loss,sq_0_accuracy,sq_1_kl_divergence,sq_1_log_loss,sq_1_accuracy,sq_2_kl_divergence,sq_2_log_loss,sq_2_accuracy,fold
0.6108796823035714,0.8864549547894355,0.6548590072244233,0.5218088399745523,0.6178676304311804,0.7630597014925373,0.9450667989057473,1.178783227092951,0.5324232081911263,0.27411239413798844,0.731774947262036,0.7227926078028748,1
0.5843022518181213,0.8137572710222176,0.7013167013167013,0.4643390368662611,0.5812252753605016,0.7993874425727412,0.8970722172450799,1.0924867635671007,0.5880398671096345,0.24889502188060458,0.6496663283748404,0.7641741988496302,2
0.6252704120554039,0.8458414785802278,0.7111161939615737,0.3588290661846232,0.4216501610236002,0.8674796747967479,1.0438792005618414,1.2749310343378102,0.5560276155071694,0.2594900360930838,0.6185020719901759,0.7903097696584591,3
0.7230141660949533,0.9485129513429927,0.664669163545568,0.5345035755081724,0.6030094861043233,0.8204393505253104,1.1564828320493308,1.369083066720967,0.5075493612078978,0.2787888793400355,0.6552446579967265,0.7516181229773463,4
0.6448484150955668,0.8568568904914486,0.6955263743601158,0.5694055858263004,0.6935866409084991,0.768754833720031,0.9129094638448368,1.0841090420522166,0.6088689586447434,0.27565231568682913,0.6515034659552312,0.7619446772841576,5
0.6364535630817202,0.8689253029649218,0.6859934853420195,0.4880686408940159,0.583090528942163,0.8039677202420982,0.9885393550789452,1.196533896488883,0.5602659110723627,0.26759624134215526,0.6637743104596594,0.7569902607602891,OOF
