{
  "kl_divergence": 1.380108887211566,
  "log_loss": 1.7934106922861532,
  "accuracy": 0.17610486891385768,
  "micro_precision": 0.17610486891385768,
  "macro_precision": 0.029350811485642947,
  "micro_recall": 0.17610486891385768,
  "macro_recall": 0.16666666666666666,
  "micro_f1": 0.17610486891385768,
  "macro_f1": 0.049911895208373136
}