kl_divergence,log_loss,accuracy,sq_0_kl_divergence,sq_0_log_loss,sq_0_accuracy,sq_1_kl_divergence,sq_1_log_loss,sq_1_accuracy,sq_2_kl_divergence,sq_2_log_loss,sq_2_accuracy,fold
0.4892738712198928,0.6850256306242137,0.7401538103006292,0.49105286776189255,0.5253152459261295,0.808768656716418,0.5448661551188962,0.6546766019288213,0.7656427758816837,0.42107515842901533,0.8387307126521714,0.6591375770020534,1
0.48005709567118715,0.6641358856698358,0.7470547470547471,0.4501922734352352,0.5325202419967502,0.8139356814701378,0.6082645982531539,0.7563558532151108,0.7115171650055371,0.32184896763266757,0.6685243567054014,0.7280197206244864,2
0.510477845227425,0.6992168078176814,0.757548032936871,0.4030489692768256,0.46388466379784316,0.865040650406504,0.6932401283308661,0.8513702493744779,0.7010090281465746,0.34208716876631134,0.7015628020138315,0.7370929308975377,3
0.5543355461015451,0.7353774590357841,0.7320848938826466,0.5352298439960389,0.5646297021129286,0.8261700095510984,0.6874274934803485,0.8361469256318101,0.6927990708478513,0.38509552726510987,0.7396233166570404,0.7071197411003236,4
0.53615849871535,0.714288286169917,0.7358112619630537,0.5938483175316549,0.6867884383981507,0.7494199535962877,0.5963370855581813,0.718821186571298,0.7443946188340808,0.37239373800869074,0.7364674748231629,0.7066219614417435,5
0.5136586544794876,0.6992065661727257,0.742671009771987,0.49400496583556563,0.5562159154527503,0.8117014122394082,0.6258032259459095,0.763137472107244,0.7234088927637314,0.37037583202868013,0.7406577753507453,0.705937794533459,OOF
