{
  "fold1": {
    "training_history": {
      "training_kl_divergence": [
        0.8126611709594727,
        0.5400288701057434,
        0.4439775347709656,
        0.37797898054122925,
        0.37983906269073486
      ],
      "validation_kl_divergence": [
        0.6310885548591614,
        0.5693566799163818,
        0.5027949213981628,
        0.4927072525024414,
        0.5468941926956177
      ]
    },
    "best_epoch_kl_divergence": 4,
    "training_kl_divergence": 0.37797898054122925,
    "validation_kl_divergence": 0.4927072525024414
  },
  "fold2": {
    "training_history": {
      "training_kl_divergence": [
        0.7865973114967346,
        0.5378683805465698,
        0.440926194190979,
        0.37349337339401245,
        0.37411975860595703
      ],
      "validation_kl_divergence": [
        0.6290680170059204,
        0.5176331996917725,
        0.49042809009552,
        0.48941561579704285,
        0.528088390827179
      ]
    },
    "best_epoch_kl_divergence": 4,
    "training_kl_divergence": 0.37349337339401245,
    "validation_kl_divergence": 0.48941561579704285
  },
  "fold3": {
    "training_history": {
      "training_kl_divergence": [
        0.77596116065979,
        0.5263843536376953,
        0.4299201965332031,
        0.3671123683452606,
        0.36449161171913147
      ],
      "validation_kl_divergence": [
        0.6267328262329102,
        0.5891119241714478,
        0.5445497632026672,
        0.5211845636367798,
        0.544051468372345
      ]
    },
    "best_epoch_kl_divergence": 4,
    "training_kl_divergence": 0.3671123683452606,
    "validation_kl_divergence": 0.5211845636367798
  },
  "fold4": {
    "training_history": {
      "training_kl_divergence": [
        0.744205117225647,
        0.5204341411590576,
        0.4229963421821594,
        0.3637462258338928,
        0.3717920482158661
      ],
      "validation_kl_divergence": [
        0.7858135104179382,
        0.6224454641342163,
        0.5661503672599792,
        0.563291609287262,
        0.6447814702987671
      ]
    },
    "best_epoch_kl_divergence": 4,
    "training_kl_divergence": 0.3637462258338928,
    "validation_kl_divergence": 0.563291609287262
  },
  "fold5": {
    "training_history": {
      "training_kl_divergence": [
        0.812213122844696,
        0.5447382926940918,
        0.4444788098335266,
        0.37820160388946533,
        0.3767152726650238
      ],
      "validation_kl_divergence": [
        0.7305123209953308,
        0.5766046643257141,
        0.5620837807655334,
        0.5445971488952637,
        0.5510089993476868
      ]
    },
    "best_epoch_kl_divergence": 4,
    "training_kl_divergence": 0.37820160388946533,
    "validation_kl_divergence": 0.5445971488952637
  }
}