kl_divergence,log_loss,accuracy,sq_0_kl_divergence,sq_0_log_loss,sq_0_accuracy,sq_1_kl_divergence,sq_1_log_loss,sq_1_accuracy,sq_2_kl_divergence,sq_2_log_loss,sq_2_accuracy,fold
0.5887466731945011,0.8574294141677545,0.6823584246096481,0.5260597122401868,0.6142209176238148,0.7835820895522388,0.8866270052399686,1.1146438358677835,0.5944254835039818,0.27630779462303845,0.7263798282310349,0.7138945927446955,1
0.6285378166816776,0.8629083574706125,0.6812196812196812,0.5127692792263029,0.6645271032571769,0.776416539050536,0.9683509146241144,1.1683233254939331,0.5514950166112956,0.248497763298505,0.6225685758376047,0.7715694330320461,2
0.6826106248236268,0.9062461321929414,0.6852698993595608,0.3595478863391142,0.4325830104105202,0.8512195121951219,1.1776772669618998,1.425618324207786,0.5034519383961763,0.2577946448312376,0.5922094381726282,0.7950754567116759,3
0.7208577130873836,0.9459903266149096,0.6651685393258427,0.513640220809039,0.5866162989084626,0.8261700095510984,1.1668187389705584,1.3799592510474519,0.4930313588850174,0.27507440228204355,0.6458043388607124,0.7686084142394822,4
0.6692745065687857,0.8856059488472252,0.6828399732917872,0.6014842762492852,0.7344832323436665,0.7579273008507347,0.9478859448488246,1.1178889098049298,0.5884404583956153,0.27403528710112135,0.658623358568087,0.760268231349539,5
0.6573155576430902,0.8908602499718451,0.6796184271754304,0.5029181356364377,0.6089893086296341,0.7979152656355077,1.0284184045914524,1.2395235359702566,0.5469703574542284,0.2666646218117046,0.6516573041317647,0.7602890355010996,OOF
