kl_divergence,log_loss,accuracy,sq_0_kl_divergence,sq_0_log_loss,sq_0_accuracy,sq_1_kl_divergence,sq_1_log_loss,sq_1_accuracy,sq_2_kl_divergence,sq_2_log_loss,sq_2_accuracy,fold
0.6317951447809989,0.8311300482224419,0.6807271032393382,0.6869617249264408,0.7158481852988591,0.7042910447761194,0.5959700139107703,0.70320962730617,0.7508532423208191,0.6344248546741872,1.0696422022435828,0.5790554414784395,1
0.6356182922279646,0.8150508605723753,0.6911526911526912,0.6443437676234836,0.6977294621156367,0.7335375191424196,0.6502998599634797,0.7858252672759952,0.7093023255813954,0.6044676084178676,0.9843221571029941,0.61873459326212,2
0.5869772932448983,0.7667588493774068,0.7406221408966148,0.42484611129973826,0.47747509384358205,0.8536585365853658,0.7707863433967381,0.9178959492949358,0.7079129049389272,0.4704633237108494,0.8233337978777227,0.6791104050833995,3
0.6389504461408065,0.8402842370598628,0.7068664169787765,0.6770395528749327,0.7227515783461677,0.7688634192932188,0.6515255745728352,0.8037320188623248,0.724157955865273,0.5891659267956743,0.9907693611774996,0.6302588996763754,4
0.7106825810765599,0.8988279667444249,0.6768306254173159,0.7932490897340743,0.8896343509258575,0.7006960556844548,0.7561077452626813,0.8739405407143618,0.7030393622321873,0.5447757912897101,0.9506606652320562,0.6068734283319362,5
0.6412742044182286,0.8306550174884032,0.6990693345742206,0.6447592689008582,0.7015696731450195,0.7521856086079355,0.6879885353445794,0.8197325884613891,0.7183958151700087,0.5706835879993041,0.9670081178506916,0.6215834118755891,OOF
