{
  "fold1": {
    "training_history": {
      "training_kl_divergence": [
        0.8673322796821594,
        0.6275693774223328,
        0.5294281840324402,
        0.47712957859039307,
        0.47978004813194275
      ],
      "validation_kl_divergence": [
        0.7641103267669678,
        0.6597380042076111,
        0.6317952275276184,
        0.796735942363739,
        0.6626783013343811
      ]
    },
    "best_epoch_kl_divergence": 3,
    "training_kl_divergence": 0.5294281840324402,
    "validation_kl_divergence": 0.6317952275276184
  },
  "fold2": {
    "training_history": {
      "training_kl_divergence": [
        0.8960946202278137,
        0.636448323726654,
        0.5410196781158447,
        0.4924655556678772,
        0.48234158754348755
      ],
      "validation_kl_divergence": [
        0.744580090045929,
        0.6507630944252014,
        0.6621670126914978,
        0.7260055541992188,
        0.6356183290481567
      ]
    },
    "best_epoch_kl_divergence": 5,
    "training_kl_divergence": 0.48234158754348755,
    "validation_kl_divergence": 0.6356183290481567
  },
  "fold3": {
    "training_history": {
      "training_kl_divergence": [
        0.8405865430831909,
        0.61381596326828,
        0.5216773748397827,
        0.47059327363967896,
        0.4627057909965515
      ],
      "validation_kl_divergence": [
        1.1241909265518188,
        0.6484518647193909,
        0.6410943865776062,
        0.6386008262634277,
        0.5869773030281067
      ]
    },
    "best_epoch_kl_divergence": 5,
    "training_kl_divergence": 0.4627057909965515,
    "validation_kl_divergence": 0.5869773030281067
  },
  "fold4": {
    "training_history": {
      "training_kl_divergence": [
        0.8506581783294678,
        0.6108178496360779,
        0.522122859954834,
        0.4731551706790924,
        0.4716564118862152
      ],
      "validation_kl_divergence": [
        0.7870661020278931,
        0.785830557346344,
        0.6678766012191772,
        0.6389504671096802,
        0.8558270931243896
      ]
    },
    "best_epoch_kl_divergence": 4,
    "training_kl_divergence": 0.4731551706790924,
    "validation_kl_divergence": 0.6389504671096802
  },
  "fold5": {
    "training_history": {
      "training_kl_divergence": [
        0.8716762065887451,
        0.6314501166343689,
        0.5398442149162292,
        0.48490655422210693,
        0.47634992003440857
      ],
      "validation_kl_divergence": [
        0.7619207501411438,
        0.7643662095069885,
        0.7748129963874817,
        0.7106825709342957,
        0.8586569428443909
      ]
    },
    "best_epoch_kl_divergence": 4,
    "training_kl_divergence": 0.48490655422210693,
    "validation_kl_divergence": 0.7106825709342957
  }
}