{
  "fold1": {
    "training_history": {
      "training_kl_divergence": [
        0.8175886869430542,
        0.5635024309158325,
        0.45730355381965637,
        0.3953251838684082,
        0.3935777246952057
      ],
      "validation_kl_divergence": [
        0.6455506086349487,
        0.5839390754699707,
        0.6299915909767151,
        0.7552818059921265,
        0.6909947991371155
      ]
    },
    "best_epoch_kl_divergence": 2,
    "training_kl_divergence": 0.5635024309158325,
    "validation_kl_divergence": 0.5839390754699707
  },
  "fold2": {
    "training_history": {
      "training_kl_divergence": [
        0.8543190956115723,
        0.5687243938446045,
        0.4626345634460449,
        0.4040706157684326,
        0.3939576745033264
      ],
      "validation_kl_divergence": [
        0.7126906514167786,
        0.6646173596382141,
        0.6535084247589111,
        0.6726121306419373,
        0.6698780059814453
      ]
    },
    "best_epoch_kl_divergence": 3,
    "training_kl_divergence": 0.4626345634460449,
    "validation_kl_divergence": 0.6535084247589111
  },
  "fold3": {
    "training_history": {
      "training_kl_divergence": [
        0.8340253233909607,
        0.5537697076797485,
        0.4498681426048279,
        0.38847681879997253,
        0.38222193717956543
      ],
      "validation_kl_divergence": [
        0.6734902858734131,
        0.6301122307777405,
        0.6528638005256653,
        0.7488043308258057,
        0.6248083114624023
      ]
    },
    "best_epoch_kl_divergence": 5,
    "training_kl_divergence": 0.38222193717956543,
    "validation_kl_divergence": 0.6248083114624023
  },
  "fold4": {
    "training_history": {
      "training_kl_divergence": [
        0.8065407872200012,
        0.5387600064277649,
        0.44529831409454346,
        0.386041522026062,
        0.3871888816356659
      ],
      "validation_kl_divergence": [
        0.7003340721130371,
        0.6865940093994141,
        0.6961855292320251,
        0.7092359662055969,
        0.7141739130020142
      ]
    },
    "best_epoch_kl_divergence": 2,
    "training_kl_divergence": 0.5387600064277649,
    "validation_kl_divergence": 0.6865940093994141
  },
  "fold5": {
    "training_history": {
      "training_kl_divergence": [
        0.8421406745910645,
        0.5651898384094238,
        0.46273890137672424,
        0.3991059958934784,
        0.39184290170669556
      ],
      "validation_kl_divergence": [
        0.7572006583213806,
        0.8467190861701965,
        0.7223817110061646,
        0.7827520370483398,
        0.7999683618545532
      ]
    },
    "best_epoch_kl_divergence": 3,
    "training_kl_divergence": 0.46273890137672424,
    "validation_kl_divergence": 0.7223817110061646
  }
}