{
  "mean": [
    907274.5634798049,
    910390.5625222476,
    929184.5324157521,
    896052.9663340268
  ],
  "std": [
    2579519.4115586854,
    2781967.481974175,
    2596111.9583119988,
    2625914.049692948
  ]
}