kl_divergence,log_loss,accuracy,sq_0_kl_divergence,sq_0_log_loss,sq_0_accuracy,sq_1_kl_divergence,sq_1_log_loss,sq_1_accuracy,sq_2_kl_divergence,sq_2_log_loss,sq_2_accuracy,fold
0.5599200890828879,0.8238106629665364,0.6937776742018178,0.4668869744251903,0.5470562532933285,0.8078358208955224,0.8836502413175075,1.1052829735232896,0.5841865756541524,0.23864280727904857,0.6881860258761232,0.7419575633127995,1
0.6061563451856966,0.8426586652755862,0.6851466851466852,0.4726390475860855,0.6124500677218656,0.7924961715160797,0.9580937787557624,1.16600727260768,0.5520487264673312,0.22717079517546912,0.6098606731337601,0.7674609695973705,2
0.6786517680537294,0.9199139257276153,0.6930466605672461,0.404367929643374,0.4747184186609376,0.8772357723577235,1.1531130729312677,1.4114208049339791,0.4970791290493893,0.23699845920570098,0.6197415827144551,0.8061953931691819,3
0.7105583761326102,0.9447065901113042,0.66167290886392,0.49105657312960505,0.5626101363996804,0.833810888252149,1.185741177240904,1.4138729488305408,0.48257839721254353,0.2344690591711734,0.6147312805009038,0.7653721682847896,4
0.6533199253983539,0.8723913241135071,0.6835076786111729,0.5190904985205324,0.6438114484569484,0.774168600154679,0.9827098538547226,1.1700968254897446,0.5645241654210265,0.24466364923832995,0.619297307317046,0.7854149203688181,5
0.6409905152033674,0.8798468456345424,0.6837598883201489,0.47082418171592577,0.5702267590103325,0.816072629455279,1.0319563414226163,1.2521442375891678,0.536617262423714,0.23644243637764867,0.6325046223648529,0.7722274583726044,OOF
