{
  "fold1": {
    "training_history": {
      "training_sq_2_kl_divergence": [
        0.24439174856120852,
        0.21564764430261135,
        0.19783088252720063,
        0.17898598057285983,
        0.16541958610025623,
        0.15619691147431952,
        0.14894587946048513,
        0.1469353699018406,
        0.15128377805443843,
        0.1533325553187648
      ],
      "validation_sq_2_kl_divergence": [
        0.27395856380462646,
        0.28988197445869446,
        0.2504662573337555,
        0.24712833762168884,
        0.24930942058563232,
        0.24198569357395172,
        0.2403971403837204,
        0.24207422137260437,
        0.257272332906723,
        0.2638348937034607
      ]
    },
    "best_epoch_sq_2_kl_divergence": 7,
    "training_sq_2_kl_divergence": 0.14894587946048513,
    "validation_sq_2_kl_divergence": 0.2403971403837204
  },
  "fold2": {
    "training_history": {
      "training_sq_2_kl_divergence": [
        0.2422853325311598,
        0.21574754981684233,
        0.19772329584869378,
        0.1768239342848018,
        0.16586867714398093,
        0.1563960681046357,
        0.15039032421505194,
        0.15087928693390232,
        0.14997892881062483,
        0.15767430558496498
      ],
      "validation_sq_2_kl_divergence": [
        0.25798752903938293,
        0.24826250970363617,
        0.24578112363815308,
        0.23284371197223663,
        0.23414066433906555,
        0.2359209954738617,
        0.23338139057159424,
        0.23874706029891968,
        0.24935396015644073,
        0.2589704096317291
      ]
    },
    "best_epoch_sq_2_kl_divergence": 4,
    "training_sq_2_kl_divergence": 0.1768239342848018,
    "validation_sq_2_kl_divergence": 0.23284371197223663
  },
  "fold3": {
    "training_history": {
      "training_sq_2_kl_divergence": [
        0.23717525723935515,
        0.21023237811342188,
        0.19133093255600003,
        0.17195246835425348,
        0.1548075030086955,
        0.14706793661705383,
        0.142556618224191,
        0.14446896443050414,
        0.14484981649870432,
        0.15113953839329883
      ],
      "validation_sq_2_kl_divergence": [
        0.2648509442806244,
        0.23988786339759827,
        0.24547290802001953,
        0.24105696380138397,
        0.24128006398677826,
        0.24174900352954865,
        0.24175181984901428,
        0.25126326084136963,
        0.2508207857608795,
        0.26417478919029236
      ]
    },
    "best_epoch_sq_2_kl_divergence": 2,
    "training_sq_2_kl_divergence": 0.21023237811342188,
    "validation_sq_2_kl_divergence": 0.23988786339759827
  },
  "fold4": {
    "training_history": {
      "training_sq_2_kl_divergence": [
        0.2386424472112628,
        0.2176603813770402,
        0.19562051905881833,
        0.177245422805376,
        0.1627046277671884,
        0.1532781074926061,
        0.14950235985149765,
        0.15176642543682128,
        0.15412749554281766,
        0.155514104323745
      ],
      "validation_sq_2_kl_divergence": [
        0.272573322057724,
        0.25423726439476013,
        0.2452865093946457,
        0.24679158627986908,
        0.23866158723831177,
        0.23904629051685333,
        0.23921653628349304,
        0.23663616180419922,
        0.2440924346446991,
        0.2498631626367569
      ]
    },
    "best_epoch_sq_2_kl_divergence": 8,
    "training_sq_2_kl_divergence": 0.15176642543682128,
    "validation_sq_2_kl_divergence": 0.23663616180419922
  },
  "fold5": {
    "training_history": {
      "training_sq_2_kl_divergence": [
        0.2425894577787571,
        0.21162816361447037,
        0.1946679438239984,
        0.17905724864095962,
        0.16735000087558083,
        0.1565384876687821,
        0.15172954624803975,
        0.14984475796591484,
        0.1525931498990565,
        0.15886008565252188
      ],
      "validation_sq_2_kl_divergence": [
        0.28323084115982056,
        0.2877456247806549,
        0.2512153685092926,
        0.25010281801223755,
        0.24708136916160583,
        0.24854964017868042,
        0.25152283906936646,
        0.25469276309013367,
        0.26890456676483154,
        0.2828361988067627
      ]
    },
    "best_epoch_sq_2_kl_divergence": 5,
    "training_sq_2_kl_divergence": 0.16735000087558083,
    "validation_sq_2_kl_divergence": 0.24708136916160583
  }
}