kl_divergence,log_loss,accuracy,sq_0_kl_divergence,sq_0_log_loss,sq_0_accuracy,sq_1_kl_divergence,sq_1_log_loss,sq_1_accuracy,sq_2_kl_divergence,sq_2_log_loss,sq_2_accuracy,fold
0.602728520776443,0.8763875278877394,0.6849219296201352,0.4852158689968933,0.570580349663666,0.8106343283582089,0.963395097172823,1.1929465458617134,0.5784982935153583,0.25496789203095477,0.7198608622189925,0.7207392197125256,1
0.5830134213643964,0.8147889152268469,0.704088704088704,0.5065631580274387,0.618526821238499,0.8032159264931087,0.8482348129563269,1.0461410433540952,0.6035437430786268,0.2714720990168535,0.682082548218607,0.7469186524239935,2
0.6681821900836646,0.9005987274400434,0.696248856358646,0.37904041822482387,0.4526219741058063,0.8617886178861789,1.1337262906700833,1.3850455446715284,0.5119490175252257,0.2543814259709939,0.6137028177928833,0.8101667990468626,3
0.682524698765548,0.9217716549450867,0.6566791510611736,0.5531594681961255,0.6440219664795898,0.7707736389684814,1.068729563492757,1.2894573629721593,0.519163763066202,0.25404623545319477,0.6447887541366373,0.7516181229773463,4
0.6467132479691169,0.8641140829375705,0.6955263743601158,0.5732589749044161,0.6921294314772689,0.777262180974478,0.9251754283952447,1.1015870965636796,0.593423019431988,0.25786394282026504,0.6510108272716604,0.7787091366303437,5
0.6361405193329565,0.8747965465446608,0.6880409492787343,0.4990458016337914,0.5960654918176379,0.8053127101546739,0.9870909602751198,1.2016022661704706,0.5619006102877071,0.2583708264000851,0.6641655428107458,0.7602890355010996,OOF
