{
  "fold1": {
    "training_history": {
      "training_sq_2_kl_divergence": [
        0.2665420750456692,
        0.23196769178433577,
        0.21052287155625324,
        0.19924512314653156,
        0.18372507893917675,
        0.1770390362098168,
        0.16981086004188378,
        0.16808967260368102,
        0.166912331435326,
        0.16865801240878786
      ],
      "validation_sq_2_kl_divergence": [
        0.2780856192111969,
        0.30625712871551514,
        0.279069185256958,
        0.258526474237442,
        0.264489084482193,
        0.26403099298477173,
        0.2660331428050995,
        0.2677346467971802,
        0.2844553589820862,
        0.2705822288990021
      ]
    },
    "best_epoch_sq_2_kl_divergence": 4,
    "training_sq_2_kl_divergence": 0.19924512314653156,
    "validation_sq_2_kl_divergence": 0.258526474237442
  },
  "fold2": {
    "training_history": {
      "training_sq_2_kl_divergence": [
        0.24191874925908344,
        0.21162769297640668,
        0.19368389317295487,
        0.17908938416425063,
        0.16578930869721284,
        0.1630876720162569,
        0.15634330278954842,
        0.15279958298558274,
        0.1526804316452074,
        0.157411615156844
      ],
      "validation_sq_2_kl_divergence": [
        0.2681484520435333,
        0.27428513765335083,
        0.26925551891326904,
        0.2759128212928772,
        0.2702155113220215,
        0.2748846411705017,
        0.27208802103996277,
        0.27616122364997864,
        0.2714248299598694,
        0.285425066947937
      ]
    },
    "best_epoch_sq_2_kl_divergence": 1,
    "training_sq_2_kl_divergence": 0.24191874925908344,
    "validation_sq_2_kl_divergence": 0.2681484520435333
  },
  "fold3": {
    "training_history": {
      "training_sq_2_kl_divergence": [
        0.2464553544158093,
        0.21395381152917756,
        0.19808604327564755,
        0.18143606709947555,
        0.16745705444226702,
        0.15924286061969226,
        0.15209116099168943,
        0.15149503402723918,
        0.1561707750508107,
        0.1597251238502691
      ],
      "validation_sq_2_kl_divergence": [
        0.27507463097572327,
        0.27674540877342224,
        0.2708760201931,
        0.26092109084129333,
        0.2602020800113678,
        0.2595813274383545,
        0.25857242941856384,
        0.2634753882884979,
        0.2695596218109131,
        0.28313320875167847
      ]
    },
    "best_epoch_sq_2_kl_divergence": 7,
    "training_sq_2_kl_divergence": 0.15209116099168943,
    "validation_sq_2_kl_divergence": 0.25857242941856384
  },
  "fold4": {
    "training_history": {
      "training_sq_2_kl_divergence": [
        0.23911994188024188,
        0.2085815672505044,
        0.1911100781678313,
        0.1739751692926711,
        0.16044725746094554,
        0.15682782698659659,
        0.15033012040114566,
        0.1495968683187961,
        0.15288056154392504,
        0.15902671976680807
      ],
      "validation_sq_2_kl_divergence": [
        0.2683130204677582,
        0.2610086500644684,
        0.26739418506622314,
        0.25602152943611145,
        0.25841382145881653,
        0.2568821310997009,
        0.25924503803253174,
        0.2560051381587982,
        0.2585400938987732,
        0.2732166051864624
      ]
    },
    "best_epoch_sq_2_kl_divergence": 8,
    "training_sq_2_kl_divergence": 0.1495968683187961,
    "validation_sq_2_kl_divergence": 0.2560051381587982
  },
  "fold5": {
    "training_history": {
      "training_sq_2_kl_divergence": [
        0.24717000969302677,
        0.22141682468944054,
        0.2040108414689189,
        0.1826574729468749,
        0.17177588662335563,
        0.16286812970058664,
        0.15935444576943306,
        0.15830479786565987,
        0.16258095335450184,
        0.16097809323089468
      ],
      "validation_sq_2_kl_divergence": [
        0.28517526388168335,
        0.2971324324607849,
        0.26494139432907104,
        0.26983508467674255,
        0.2601066827774048,
        0.2610762119293213,
        0.26186972856521606,
        0.27150759100914,
        0.2732805013656616,
        0.29499563574790955
      ]
    },
    "best_epoch_sq_2_kl_divergence": 5,
    "training_sq_2_kl_divergence": 0.17177588662335563,
    "validation_sq_2_kl_divergence": 0.2601066827774048
  }
}