kl_divergence,log_loss,accuracy,sq_0_kl_divergence,sq_0_log_loss,sq_0_accuracy,sq_1_kl_divergence,sq_1_log_loss,sq_1_accuracy,sq_2_kl_divergence,sq_2_log_loss,sq_2_accuracy,fold
0.49594690094045685,0.7023868891577043,0.7352598461896994,0.5171207214406314,0.554890780318553,0.8013059701492538,0.5505058489058702,0.6702748917132965,0.7656427758816837,0.4147607502906389,0.8492511740193329,0.6502395619438741,1
0.4730782294472064,0.6681110619311038,0.7468237468237469,0.4446102511427058,0.5419967041223558,0.8177641653905053,0.5877504724592525,0.7447970710539294,0.707641196013289,0.33345711916448045,0.6896479713989768,0.7288414133114215,2
0.5158233159810235,0.7011940833415874,0.7442817932296432,0.4362493420046184,0.49376488950023545,0.8341463414634146,0.6745912606981027,0.8329271858646955,0.7041954328199681,0.35610603884736064,0.7068211495638672,0.716441620333598,3
0.5580598622210229,0.7491320746932875,0.7275905118601748,0.6293329440547499,0.6476316856643356,0.8022922636103151,0.6168305936918342,0.768503628084876,0.7259001161440186,0.4158057228418569,0.8081232497523462,0.6666666666666666,4
0.5298617714421592,0.7234803800447227,0.7382595148008012,0.616396285276288,0.7070770911824358,0.745552977571539,0.5836210280826749,0.7252127198417615,0.7563527653213752,0.3456338129634972,0.7383442916342284,0.6999161777032691,5
0.5140503504870315,0.7083614131006251,0.7386226151698464,0.5258091932296528,0.5888269132414297,0.7997646267652992,0.6029895014419927,0.748770034570964,0.7321272885789015,0.3748660517443623,0.7618018300894193,0.6908576814326107,OOF
