{
  "fold1": {
    "training_history": {
      "training_kl_divergence": [
        0.817710280418396,
        0.5807514786720276,
        0.48491010069847107,
        0.42382192611694336,
        0.4238507151603699
      ],
      "validation_kl_divergence": [
        0.7466217279434204,
        0.550359845161438,
        0.5184972882270813,
        0.5017945170402527,
        0.5090000629425049
      ]
    },
    "best_epoch_kl_divergence": 4,
    "training_kl_divergence": 0.42382192611694336,
    "validation_kl_divergence": 0.5017945170402527
  },
  "fold2": {
    "training_history": {
      "training_kl_divergence": [
        0.7642622590065002,
        0.5548766851425171,
        0.46589213609695435,
        0.41153261065483093,
        0.41035380959510803
      ],
      "validation_kl_divergence": [
        0.58987957239151,
        0.5949993133544922,
        0.5156218409538269,
        0.4759581983089447,
        0.5209043025970459
      ]
    },
    "best_epoch_kl_divergence": 4,
    "training_kl_divergence": 0.41153261065483093,
    "validation_kl_divergence": 0.4759581983089447
  },
  "fold3": {
    "training_history": {
      "training_kl_divergence": [
        0.7613459825515747,
        0.5518435835838318,
        0.45930933952331543,
        0.4022853672504425,
        0.3996831178665161
      ],
      "validation_kl_divergence": [
        0.7547411918640137,
        0.58965665102005,
        0.5242205858230591,
        0.51553875207901,
        0.5734407901763916
      ]
    },
    "best_epoch_kl_divergence": 4,
    "training_kl_divergence": 0.4022853672504425,
    "validation_kl_divergence": 0.51553875207901
  },
  "fold4": {
    "training_history": {
      "training_kl_divergence": [
        0.7847477793693542,
        0.5654978156089783,
        0.47009965777397156,
        0.40942004323005676,
        0.41815385222435
      ],
      "validation_kl_divergence": [
        0.7388487458229065,
        0.6483879089355469,
        0.5676124095916748,
        0.5686782002449036,
        0.5819264054298401
      ]
    },
    "best_epoch_kl_divergence": 3,
    "training_kl_divergence": 0.47009965777397156,
    "validation_kl_divergence": 0.5676124095916748
  },
  "fold5": {
    "training_history": {
      "training_kl_divergence": [
        0.7750760912895203,
        0.5596280694007874,
        0.46629926562309265,
        0.4123608469963074,
        0.41160106658935547
      ],
      "validation_kl_divergence": [
        0.697676420211792,
        0.6455141305923462,
        0.5400593876838684,
        0.5265880227088928,
        0.639026403427124
      ]
    },
    "best_epoch_kl_divergence": 4,
    "training_kl_divergence": 0.4123608469963074,
    "validation_kl_divergence": 0.5265880227088928
  }
}