kl_divergence,log_loss,accuracy,sq_0_kl_divergence,sq_0_log_loss,sq_0_accuracy,sq_1_kl_divergence,sq_1_log_loss,sq_1_accuracy,sq_2_kl_divergence,sq_2_log_loss,sq_2_accuracy,fold
0.511637207124252,0.735694028270682,0.7301328361687253,0.5470955526020743,0.6025453462113403,0.7789179104477612,0.5684803822897238,0.7103926902598494,0.7536973833902162,0.4172212945348442,0.8638358074566214,0.6659822039698836,1
0.5204443199911712,0.7262307026032649,0.7368907368907369,0.5064147904188921,0.5879273602787802,0.8108728943338438,0.6323563244511925,0.7879795213621394,0.7059800664451827,0.36942499835320725,0.7830144317710955,0.7033689400164339,2
0.5528051672542522,0.73829814434448,0.7497712717291857,0.39460022303898146,0.44682483300765247,0.8731707317073171,0.7580468795023575,0.909355317038797,0.6903876792352629,0.4004000339910279,0.7672191266803806,0.7180301826846703,3
0.5838395878373589,0.7908002186111265,0.7113607990012485,0.5494230691818393,0.6131939475726169,0.7956064947468959,0.7312508354604935,0.9040405308588716,0.6736353077816493,0.40761946374778885,0.7834814063835399,0.6925566343042071,4
0.5876641322802484,0.7732601411237315,0.7322501669263298,0.5946276605225178,0.6876463394050487,0.7664346481051817,0.7063594459175687,0.8332853716776069,0.7254608868958645,0.3804341771357756,0.7650690329096735,0.7066219614417435,5
0.5511379899428253,0.7524415059822979,0.7324336900884132,0.5173708711337333,0.5875079132853588,0.8056489576328177,0.6806564575791909,0.8297121798318252,0.7101133391455972,0.39599902727320324,0.7951668132581593,0.6961985548224945,OOF
