{
  "fold1": {
    "training_history": {
      "training_kl_divergence": [
        0.7691273093223572,
        0.56439608335495,
        0.49422165751457214,
        0.45054444670677185,
        0.43501558899879456
      ],
      "validation_kl_divergence": [
        0.6324310898780823,
        0.6019032001495361,
        0.5374518632888794,
        0.6519562602043152,
        0.5116371512413025
      ]
    },
    "best_epoch_kl_divergence": 5,
    "training_kl_divergence": 0.43501558899879456,
    "validation_kl_divergence": 0.5116371512413025
  },
  "fold2": {
    "training_history": {
      "training_kl_divergence": [
        0.7472692131996155,
        0.5549110174179077,
        0.48460131883621216,
        0.44229114055633545,
        0.4260670840740204
      ],
      "validation_kl_divergence": [
        0.6830852031707764,
        0.5722504258155823,
        0.5204443335533142,
        0.5540691018104553,
        0.5504072904586792
      ]
    },
    "best_epoch_kl_divergence": 3,
    "training_kl_divergence": 0.48460131883621216,
    "validation_kl_divergence": 0.5204443335533142
  },
  "fold3": {
    "training_history": {
      "training_kl_divergence": [
        0.7625632286071777,
        0.5610754489898682,
        0.4915032982826233,
        0.4436037242412567,
        0.4323757588863373
      ],
      "validation_kl_divergence": [
        0.6969571709632874,
        0.6476137042045593,
        0.6004534959793091,
        0.5796845555305481,
        0.5528051853179932
      ]
    },
    "best_epoch_kl_divergence": 5,
    "training_kl_divergence": 0.4323757588863373,
    "validation_kl_divergence": 0.5528051853179932
  },
  "fold4": {
    "training_history": {
      "training_kl_divergence": [
        0.722063422203064,
        0.5437710285186768,
        0.4726717174053192,
        0.4296645224094391,
        0.41989585757255554
      ],
      "validation_kl_divergence": [
        0.7464983463287354,
        0.6227041482925415,
        0.6781980395317078,
        0.6271875500679016,
        0.5838395953178406
      ]
    },
    "best_epoch_kl_divergence": 5,
    "training_kl_divergence": 0.41989585757255554,
    "validation_kl_divergence": 0.5838395953178406
  },
  "fold5": {
    "training_history": {
      "training_kl_divergence": [
        0.74711012840271,
        0.5584569573402405,
        0.49333804845809937,
        0.44694557785987854,
        0.4309735596179962
      ],
      "validation_kl_divergence": [
        0.7839860320091248,
        0.6646257638931274,
        0.6146913170814514,
        0.6118283867835999,
        0.5876641273498535
      ]
    },
    "best_epoch_kl_divergence": 5,
    "training_kl_divergence": 0.4309735596179962,
    "validation_kl_divergence": 0.5876641273498535
  }
}