kl_divergence,log_loss,accuracy,sq_0_kl_divergence,sq_0_log_loss,sq_0_accuracy,sq_1_kl_divergence,sq_1_log_loss,sq_1_accuracy,sq_2_kl_divergence,sq_2_log_loss,sq_2_accuracy,fold
0.5037588392981869,0.7279094696754471,0.7375903052901421,0.5519168837851788,0.6026764035313337,0.8097014925373134,0.5863423562881281,0.7306251492815131,0.7411831626848692,0.3690516205724017,0.8165307442538356,0.6803559206023272,1
0.5420008093119736,0.7465623452728011,0.7193347193347194,0.5787056680507986,0.6740499918131511,0.7611026033690659,0.5948268669145116,0.7402356727056356,0.7236987818383167,0.42421904633490776,0.8337662107408403,0.6680361544782252,2
0.5351230696484939,0.7242735590095817,0.7358188472095151,0.45521326348486923,0.5069158327018545,0.8349593495934959,0.6785240306236204,0.8275186577399406,0.6978226234731811,0.39871723332211956,0.7822080168723607,0.6957903097696585,3
0.5670711231342558,0.7744450153638048,0.7136079900124844,0.554258852591659,0.6136803462073642,0.8204393505253104,0.7309519832100942,0.8950458891366794,0.6515679442508711,0.34960478511443804,0.7426051318443093,0.709546925566343,4
0.5699028582495942,0.7679108800208637,0.7284665034498108,0.638665734520544,0.7486588751639516,0.7579273008507347,0.6562972620840082,0.7966304772897531,0.71350274040857,0.3500336482630004,0.7404612660739457,0.721709974853311,5
0.5434714813267283,0.7479631362270345,0.7271754304327595,0.5570713902785767,0.6322165629090359,0.7948890383322125,0.6493674644460332,0.7976927483523848,0.7059721011333915,0.37812529855130617,0.7844290013280778,0.6944706251963556,OOF
