kl_divergence,log_loss,accuracy,sq_0_kl_divergence,sq_0_log_loss,sq_0_accuracy,sq_1_kl_divergence,sq_1_log_loss,sq_1_accuracy,sq_2_kl_divergence,sq_2_log_loss,sq_2_accuracy,fold
0.5089172323440294,0.7105344053126238,0.7359589839198322,0.5376868258861591,0.5848705370996029,0.7966417910447762,0.5428273723424277,0.6603696762082601,0.7667804323094426,0.4470041383027238,0.8631020031838283,0.6543463381245722,1
0.5062228680589783,0.6992509668725502,0.720951720951721,0.5137478574344592,0.6062222993470688,0.7955589586523737,0.5912152354117385,0.7427413757057983,0.6799557032115172,0.3720208536272096,0.7345441151350255,0.7017255546425637,2
0.5112489943408898,0.69507756177313,0.755032021957914,0.3930656710750449,0.44008055996517775,0.8666666666666667,0.7022735710449087,0.8565880683139949,0.7041954328199681,0.34100769941104164,0.7026407296899941,0.7220015885623511,3
0.542240658660274,0.7327603567817497,0.7430711610486891,0.5405588755716414,0.5805750069013519,0.8290353390639924,0.6649956178132342,0.8130617141926526,0.7212543554006968,0.3726425900780742,0.7497984828846637,0.7006472491909385,4
0.5458399156405378,0.7425053021244921,0.7344758513242822,0.6059383944175026,0.6996748318367499,0.7602474864655839,0.6354992630149783,0.7837944593408025,0.7179870453413054,0.32986871426659187,0.7194646144035498,0.7342833193629505,5
0.5227787725444974,0.7159432861896748,0.737831549557934,0.5178663821935123,0.5838177903943927,0.808675184936113,0.6282667659933088,0.7724982453869642,0.7176329555361813,0.3753174263178823,0.7578745056989447,0.7007540056550424,OOF
