{
  "fold1": {
    "training_history": {
      "training_kl_divergence": [
        0.777275562286377,
        0.5281444787979126,
        0.4307372272014618,
        0.3646125793457031,
        0.3628861606121063,
        0.41436389088630676,
        0.446426659822464,
        0.44050055742263794,
        0.3907599151134491,
        0.32385000586509705
      ],
      "validation_kl_divergence": [
        0.631680965423584,
        0.5688027143478394,
        0.5173290371894836,
        0.5135177969932556,
        0.5376362800598145,
        0.6368151903152466,
        0.5852547883987427,
        0.6253818869590759,
        0.5530734658241272,
        0.5724029541015625
      ]
    },
    "best_epoch_kl_divergence": 4,
    "training_kl_divergence": 0.3646125793457031,
    "validation_kl_divergence": 0.5135177969932556
  },
  "fold2": {
    "training_history": {
      "training_kl_divergence": [
        0.7553609013557434,
        0.5258249640464783,
        0.42350783944129944,
        0.3581400215625763,
        0.358673095703125,
        0.4069092273712158,
        0.43980610370635986,
        0.42763757705688477,
        0.38924092054367065,
        0.31942829489707947
      ],
      "validation_kl_divergence": [
        0.6314466595649719,
        0.5581983923912048,
        0.5137863755226135,
        0.5268685817718506,
        0.5637855529785156,
        0.6131629943847656,
        0.6099401116371155,
        0.576592743396759,
        0.5568382740020752,
        0.570451557636261
      ]
    },
    "best_epoch_kl_divergence": 3,
    "training_kl_divergence": 0.42350783944129944,
    "validation_kl_divergence": 0.5137863755226135
  },
  "fold3": {
    "training_history": {
      "training_kl_divergence": [
        0.7567707896232605,
        0.5180703401565552,
        0.41878849267959595,
        0.3580732047557831,
        0.35409313440322876,
        0.4042036235332489,
        0.4355538487434387,
        0.42791593074798584,
        0.38327643275260925,
        0.3131190240383148
      ],
      "validation_kl_divergence": [
        0.6192286610603333,
        0.5585893988609314,
        0.5388798117637634,
        0.5193888545036316,
        0.5693332552909851,
        0.5542528629302979,
        0.5841377973556519,
        0.5936602354049683,
        0.5502145290374756,
        0.551844596862793
      ]
    },
    "best_epoch_kl_divergence": 4,
    "training_kl_divergence": 0.3580732047557831,
    "validation_kl_divergence": 0.5193888545036316
  },
  "fold4": {
    "training_history": {
      "training_kl_divergence": [
        0.7617659568786621,
        0.517352819442749,
        0.4193786382675171,
        0.3573324978351593,
        0.3660780191421509,
        0.408761203289032,
        0.4329420328140259,
        0.4273306131362915,
        0.3795504868030548,
        0.3104124963283539
      ],
      "validation_kl_divergence": [
        0.6977357268333435,
        0.5967183113098145,
        0.554634690284729,
        0.5511071681976318,
        0.6165119409561157,
        0.6297582387924194,
        0.6349815130233765,
        0.5969018340110779,
        0.5974987745285034,
        0.5686951279640198
      ]
    },
    "best_epoch_kl_divergence": 4,
    "training_kl_divergence": 0.3573324978351593,
    "validation_kl_divergence": 0.5511071681976318
  },
  "fold5": {
    "training_history": {
      "training_kl_divergence": [
        0.7492249608039856,
        0.5179583430290222,
        0.42660441994667053,
        0.3562171757221222,
        0.3545045256614685,
        0.4019103944301605,
        0.43586206436157227,
        0.4283958375453949,
        0.3951442241668701,
        0.3212297260761261
      ],
      "validation_kl_divergence": [
        0.7025635242462158,
        0.6099890470504761,
        0.5619378089904785,
        0.5566217303276062,
        0.5452378988265991,
        0.6380622386932373,
        0.5946443676948547,
        0.6144123673439026,
        0.6124625205993652,
        0.5612642168998718
      ]
    },
    "best_epoch_kl_divergence": 5,
    "training_kl_divergence": 0.3545045256614685,
    "validation_kl_divergence": 0.5452378988265991
  }
}