kl_divergence,log_loss,accuracy,sq_0_kl_divergence,sq_0_log_loss,sq_0_accuracy,sq_1_kl_divergence,sq_1_log_loss,sq_1_accuracy,sq_2_kl_divergence,sq_2_log_loss,sq_2_accuracy,fold
0.5997981203852751,0.8685338006897052,0.6742018177580984,0.5128563084912089,0.5921530154033112,0.7826492537313433,0.9328301884261001,1.16055175156358,0.5631399317406144,0.2628585219832689,0.7199456036950047,0.7282683093771389,1
0.5783754503993066,0.8116251097112576,0.6962346962346962,0.500133852357066,0.6292916797154744,0.7940275650842267,0.8462252154011528,1.0442741566391702,0.5963455149501661,0.2648560185585771,0.6620468688096002,0.7395234182415776,2
0.6471283017999948,0.8752569126606211,0.6987648673376029,0.38382073784601756,0.45481787620419284,0.8560975609756097,1.0839054899097238,1.3256517836178237,0.5268189060010622,0.25111309802936105,0.6123867560514029,0.8022239872915012,3
0.6939652819147394,0.9226307349598301,0.6636704119850187,0.5432127549499403,0.6157654369109328,0.7965616045845272,1.105073764058972,1.321065920045328,0.5203252032520326,0.2489079109436846,0.6274710086976677,0.7508090614886731,4
0.6825124438804383,0.8907513872783509,0.6921878477631872,0.609870097300377,0.7384997942170296,0.7749419953596288,0.9833342868028986,1.149021535184578,0.5899352267065272,0.2551671927342867,0.6212737032720568,0.7745180217937971,5
0.6399546467773258,0.87316467833446,0.6854350860865519,0.509812049709731,0.607877538722307,0.801109616677875,0.9901570600578186,1.1991470303100458,0.5600479511769835,0.2567675313353296,0.6511593130635064,0.7580898523405593,OOF
