{
  "fold1": {
    "training_history": {
      "training_sq_2_kl_divergence": [
        0.22993712141800773,
        0.19706791739735832,
        0.1826276752946879,
        0.16776567656763514,
        0.1536671518940909,
        0.1445583819026725,
        0.14274230348952785,
        0.14102036637168136,
        0.13838591624158555,
        0.1447613366103265
      ],
      "validation_sq_2_kl_divergence": [
        0.2665388882160187,
        0.2742476761341095,
        0.2796463370323181,
        0.2738247513771057,
        0.2886427342891693,
        0.2809668481349945,
        0.27529218792915344,
        0.27961885929107666,
        0.2942517399787903,
        0.2752044200897217
      ]
    },
    "best_epoch_sq_2_kl_divergence": 1,
    "training_sq_2_kl_divergence": 0.22993712141800773,
    "validation_sq_2_kl_divergence": 0.2665388882160187
  },
  "fold2": {
    "training_history": {
      "training_sq_2_kl_divergence": [
        0.21386872239997526,
        0.1866872087213917,
        0.16873887954728456,
        0.15038869872709013,
        0.14113251683328382,
        0.13556823073269803,
        0.1307571368735504,
        0.13243307903629778,
        0.130720698599532,
        0.13048438895254996
      ],
      "validation_sq_2_kl_divergence": [
        0.2851525843143463,
        0.27497467398643494,
        0.2892540693283081,
        0.2762429118156433,
        0.26909759640693665,
        0.2754520773887634,
        0.27194520831108093,
        0.26560643315315247,
        0.2777220904827118,
        0.28393593430519104
      ]
    },
    "best_epoch_sq_2_kl_divergence": 8,
    "training_sq_2_kl_divergence": 0.13243307903629778,
    "validation_sq_2_kl_divergence": 0.26560643315315247
  },
  "fold3": {
    "training_history": {
      "training_sq_2_kl_divergence": [
        0.2415063890040132,
        0.2131533522439674,
        0.1908175749190772,
        0.17580735574330014,
        0.16383488731326662,
        0.15248873926658832,
        0.1476637815216634,
        0.14665710778103336,
        0.1505713195928107,
        0.14990274346318455
      ],
      "validation_sq_2_kl_divergence": [
        0.2795394957065582,
        0.2755267918109894,
        0.26747265458106995,
        0.2635495960712433,
        0.2550604045391083,
        0.25735700130462646,
        0.26055318117141724,
        0.2590755224227905,
        0.26702627539634705,
        0.2716529965400696
      ]
    },
    "best_epoch_sq_2_kl_divergence": 5,
    "training_sq_2_kl_divergence": 0.16383488731326662,
    "validation_sq_2_kl_divergence": 0.2550604045391083
  },
  "fold4": {
    "training_history": {
      "training_sq_2_kl_divergence": [
        0.23721291717100937,
        0.2077257512149197,
        0.18829203140933726,
        0.17429553900808492,
        0.15364521027614084,
        0.14793289021397635,
        0.14594942524903481,
        0.14450423608930266,
        0.14496892677795778,
        0.14900240170589013
      ],
      "validation_sq_2_kl_divergence": [
        0.27079200744628906,
        0.2735406756401062,
        0.2548049986362457,
        0.2539421617984772,
        0.25436434149742126,
        0.25256219506263733,
        0.2506553828716278,
        0.2520023584365845,
        0.26272502541542053,
        0.2712148129940033
      ]
    },
    "best_epoch_sq_2_kl_divergence": 7,
    "training_sq_2_kl_divergence": 0.14594942524903481,
    "validation_sq_2_kl_divergence": 0.2506553828716278
  },
  "fold5": {
    "training_history": {
      "training_sq_2_kl_divergence": [
        0.2413836625645539,
        0.21733497291350143,
        0.19436345423452175,
        0.17824409745049036,
        0.1633280658536843,
        0.15421419835163308,
        0.15278569667824457,
        0.15349009446478853,
        0.15327209974745956,
        0.15338292418090527
      ],
      "validation_sq_2_kl_divergence": [
        0.2627599835395813,
        0.2790384590625763,
        0.26796096563339233,
        0.26286736130714417,
        0.26639285683631897,
        0.2660767138004303,
        0.26235947012901306,
        0.2688557207584381,
        0.2784460186958313,
        0.28088563680648804
      ]
    },
    "best_epoch_sq_2_kl_divergence": 7,
    "training_sq_2_kl_divergence": 0.15278569667824457,
    "validation_sq_2_kl_divergence": 0.26235947012901306
  }
}