kl_divergence,log_loss,accuracy,sq_0_kl_divergence,sq_0_log_loss,sq_0_accuracy,sq_1_kl_divergence,sq_1_log_loss,sq_1_accuracy,sq_2_kl_divergence,sq_2_log_loss,sq_2_accuracy,fold
0.48428120374452494,0.6938310908000386,0.7497086926124447,0.5344836251695848,0.5783036619674714,0.8041044776119403,0.5252668480866555,0.6385058831328158,0.7946530147895335,0.39812804938372415,0.8451706656032485,0.6557152635181382,1
0.493733241140976,0.6889706651386474,0.7435897435897436,0.5029225233520702,0.586401440724232,0.8001531393568146,0.59374240673959,0.7532007656487226,0.716500553709856,0.33546063995873593,0.703724852126347,0.7230895645028759,2
0.5233471364620945,0.7096279670399546,0.7502287282708143,0.4490989313786678,0.5012490284299135,0.848780487804878,0.6808889167918287,0.8283848918193016,0.7089750398300584,0.3602606550417017,0.7355904810437993,0.715647339158062,3
0.5394372581847645,0.7340159347637916,0.7293383270911361,0.5740264741005248,0.5979261025669771,0.8185291308500477,0.6253853274869834,0.7792192371445883,0.7061556329849012,0.39039398601468195,0.786318497555323,0.686084142394822,4
0.5355568599122129,0.7182269529425285,0.7502782105497441,0.606301428298705,0.6950313256942482,0.7749419953596288,0.598324959266551,0.7330802241701447,0.7458893871449925,0.3532866986985572,0.7183790323039707,0.7309304274937133,5
0.5151325601393613,0.7086553843744353,0.7449046067938576,0.5324694708219292,0.5929761677360555,0.808675184936113,0.6054471951839153,0.7471371199735495,0.7344158674803836,0.36875382374150656,0.7612710888525402,0.7004398366321081,OOF
