{
  "fold1": {
    "training_history": {
      "training_kl_divergence": [
        0.8242126703262329,
        0.545042097568512,
        0.44703051447868347,
        0.3835650682449341,
        0.3857036828994751
      ],
      "validation_kl_divergence": [
        0.6403037905693054,
        0.5852981209754944,
        0.5270808339118958,
        0.5096510648727417,
        0.5529998540878296
      ]
    },
    "best_epoch_kl_divergence": 4,
    "training_kl_divergence": 0.3835650682449341,
    "validation_kl_divergence": 0.5096510648727417
  },
  "fold2": {
    "training_history": {
      "training_kl_divergence": [
        0.7874496579170227,
        0.5521966218948364,
        0.44963154196739197,
        0.38355159759521484,
        0.38153961300849915
      ],
      "validation_kl_divergence": [
        0.6286599636077881,
        0.525926947593689,
        0.5070087313652039,
        0.5021387934684753,
        0.5385024547576904
      ]
    },
    "best_epoch_kl_divergence": 4,
    "training_kl_divergence": 0.38355159759521484,
    "validation_kl_divergence": 0.5021387934684753
  },
  "fold3": {
    "training_history": {
      "training_kl_divergence": [
        0.8148523569107056,
        0.543942391872406,
        0.4455797076225281,
        0.3804585337638855,
        0.37955257296562195
      ],
      "validation_kl_divergence": [
        0.6237877607345581,
        0.6175447702407837,
        0.5635913610458374,
        0.5360996127128601,
        0.548930287361145
      ]
    },
    "best_epoch_kl_divergence": 4,
    "training_kl_divergence": 0.3804585337638855,
    "validation_kl_divergence": 0.5360996127128601
  },
  "fold4": {
    "training_history": {
      "training_kl_divergence": [
        0.7587457895278931,
        0.5368860960006714,
        0.43389153480529785,
        0.37345433235168457,
        0.3814929127693176
      ],
      "validation_kl_divergence": [
        0.7439499497413635,
        0.5997943878173828,
        0.5594974160194397,
        0.5480493307113647,
        0.6004686951637268
      ]
    },
    "best_epoch_kl_divergence": 4,
    "training_kl_divergence": 0.37345433235168457,
    "validation_kl_divergence": 0.5480493307113647
  },
  "fold5": {
    "training_history": {
      "training_kl_divergence": [
        0.7775917053222656,
        0.5489388108253479,
        0.4507911801338196,
        0.38710033893585205,
        0.38618308305740356
      ],
      "validation_kl_divergence": [
        0.7075968980789185,
        0.6019943952560425,
        0.5388565063476562,
        0.5458711981773376,
        0.5516991019248962
      ]
    },
    "best_epoch_kl_divergence": 3,
    "training_kl_divergence": 0.4507911801338196,
    "validation_kl_divergence": 0.5388565063476562
  }
}