kl_divergence,log_loss,accuracy,sq_0_kl_divergence,sq_0_log_loss,sq_0_accuracy,sq_1_kl_divergence,sq_1_log_loss,sq_1_accuracy,sq_2_kl_divergence,sq_2_log_loss,sq_2_accuracy,fold
0.5798252753862798,0.8426481364990399,0.6844558378000466,0.4947162247772147,0.5734717549895137,0.7910447761194029,0.9088005303011407,1.142556395834304,0.5705346985210467,0.24642240345786906,0.6792794582422416,0.7433264887063655,1
0.5991179603282172,0.83948510439561,0.6860706860706861,0.5129875746165915,0.6533432932570936,0.777947932618683,0.9128109526518835,1.1232869875671603,0.5658914728682171,0.22603393370770927,0.618084121929778,0.7658175842235004,2
0.7021254646728553,0.9404383132312085,0.6825251601097896,0.4147235252822761,0.4852774458310045,0.8447154471544716,1.1946343526219794,1.4524278378505853,0.5018587360594795,0.24629555954355542,0.6193672981747866,0.7942811755361397,3
0.7420762810488419,0.9749478590109013,0.6494382022471911,0.5346710369980257,0.603175658064028,0.7936962750716332,1.2146799925582332,1.443275091131107,0.4819976771196283,0.2593333193190953,0.637396079626097,0.7605177993527508,4
0.6514768614756674,0.8723679795918485,0.6852882261295349,0.5554754374272063,0.6800252595098427,0.7795823665893271,0.9543015658906122,1.1336745226589304,0.5759840558046836,0.24607925840262954,0.6412337843952014,0.7669740150880134,5
0.6538113300467141,0.8927755227425619,0.6780362959516054,0.5024273399189565,0.6011628942928585,0.7972427706792199,1.0356001077456005,1.2568435632083574,0.540104620749782,0.24494204778389947,0.6404700836449642,0.7654728243795161,OOF
