{
  "fold1": {
    "training_history": {
      "training_sq_2_kl_divergence": [
        0.3041029444801417,
        0.2711696881898813,
        0.24123712426557312,
        0.21313425341676534,
        0.19314451084470038,
        0.1772273114520045,
        0.16904708715262898,
        0.16731992512690413,
        0.1751134926463616,
        0.18705795162209568
      ],
      "validation_sq_2_kl_divergence": [
        0.34149110317230225,
        0.35024264454841614,
        0.3036998510360718,
        0.25954023003578186,
        0.2617229223251343,
        0.25383564829826355,
        0.2496555596590042,
        0.26536527276039124,
        0.28164786100387573,
        0.288960337638855
      ]
    },
    "best_epoch_sq_2_kl_divergence": 7,
    "training_sq_2_kl_divergence": 0.16904708715262898,
    "validation_sq_2_kl_divergence": 0.2496555596590042
  },
  "fold2": {
    "training_history": {
      "training_sq_2_kl_divergence": [
        0.3017624405682658,
        0.2678370296176155,
        0.2408905439598009,
        0.21011152371716957,
        0.19132363825324056,
        0.17265054060564605,
        0.1655154142466365,
        0.16996991384856655,
        0.1776730868565345,
        0.19658901509443413
      ],
      "validation_sq_2_kl_divergence": [
        0.2995692193508148,
        0.2889842092990875,
        0.25769245624542236,
        0.26565617322921753,
        0.22828693687915802,
        0.23201343417167664,
        0.23147009313106537,
        0.24074387550354004,
        0.25934937596321106,
        0.2708365023136139
      ]
    },
    "best_epoch_sq_2_kl_divergence": 5,
    "training_sq_2_kl_divergence": 0.19132363825324056,
    "validation_sq_2_kl_divergence": 0.22828693687915802
  },
  "fold3": {
    "training_history": {
      "training_sq_2_kl_divergence": [
        0.29446310538103176,
        0.26197787944509965,
        0.23600637711156675,
        0.20440571274384275,
        0.1825637777831711,
        0.16828504499167524,
        0.1630396564036101,
        0.16454638358626697,
        0.17181832563024502,
        0.19046443963514273
      ],
      "validation_sq_2_kl_divergence": [
        0.2888367176055908,
        0.2822672724723816,
        0.28754666447639465,
        0.2586073577404022,
        0.2506592571735382,
        0.2511984407901764,
        0.251282662153244,
        0.2601301372051239,
        0.26668521761894226,
        0.2873038351535797
      ]
    },
    "best_epoch_sq_2_kl_divergence": 5,
    "training_sq_2_kl_divergence": 0.1825637777831711,
    "validation_sq_2_kl_divergence": 0.2506592571735382
  },
  "fold4": {
    "training_history": {
      "training_sq_2_kl_divergence": [
        0.3065413111253278,
        0.27077939776626336,
        0.23793282167921673,
        0.21517623639735792,
        0.18814815186752926,
        0.1760675741930771,
        0.1696937058880363,
        0.17375047972631932,
        0.18345776231159883,
        0.19692474082194247
      ],
      "validation_sq_2_kl_divergence": [
        0.38825470209121704,
        0.30870282649993896,
        0.2949180603027344,
        0.287301629781723,
        0.2718289792537689,
        0.268453985452652,
        0.2644956409931183,
        0.2740941643714905,
        0.2883889377117157,
        0.30865445733070374
      ]
    },
    "best_epoch_sq_2_kl_divergence": 7,
    "training_sq_2_kl_divergence": 0.1696937058880363,
    "validation_sq_2_kl_divergence": 0.2644956409931183
  },
  "fold5": {
    "training_history": {
      "training_sq_2_kl_divergence": [
        0.30222755951381103,
        0.26314589847799386,
        0.23617594315878956,
        0.20499039657431178,
        0.18899276040028123,
        0.1737755502092096,
        0.16596446637700588,
        0.16945305359897472,
        0.18053880460581923,
        0.19459658494441157
      ],
      "validation_sq_2_kl_divergence": [
        0.3903515338897705,
        0.28362733125686646,
        0.28660881519317627,
        0.2524045705795288,
        0.248186394572258,
        0.24960990250110626,
        0.248716801404953,
        0.2595806121826172,
        0.2569299638271332,
        0.2877978980541229
      ]
    },
    "best_epoch_sq_2_kl_divergence": 5,
    "training_sq_2_kl_divergence": 0.18899276040028123,
    "validation_sq_2_kl_divergence": 0.248186394572258
  }
}