{
  "mean": [
    26.4110238424287,
    8.74420009968512,
    9.704841748082519,
    9.719967582436556,
    12.145003185190468,
    10.83296271237284,
    15.904253822381056,
    21.91421579615787,
    9.789177819920434,
    9.737640422495337,
    11.048883645672884,
    18.39211770883125,
    12.477836294392226,
    13.025561622286666,
    14.672154771499915,
    11.176185678539769,
    13.42980364453567,
    12.19964579674674,
    11.70965146241143,
    1035.893160979517
  ],
  "std": [
    1099.8475664774626,
    877.0599147701201,
    864.3451391142532,
    881.4664327114134,
    874.0109580088205,
    861.2824952436424,
    898.1313069194304,
    1018.5256220049159,
    783.9409891324187,
    771.859369115437,
    793.712417272742,
    919.0952494403468,
    875.2459291025214,
    876.1270491227339,
    889.9372162140601,
    848.0728942889792,
    890.8985443123448,
    887.3621811923795,
    992.1169131910864,
    33137.69518066729
  ]
}