kl_divergence,log_loss,accuracy,sq_0_kl_divergence,sq_0_log_loss,sq_0_accuracy,sq_1_kl_divergence,sq_1_log_loss,sq_1_accuracy,sq_2_kl_divergence,sq_2_log_loss,sq_2_accuracy,fold
0.6328945346323352,0.906101743007689,0.6665113027266372,0.49744881025841237,0.5802143385449515,0.7919776119402985,1.0192401603991577,1.2632514185404617,0.5352673492605233,0.2673929647697561,0.7154666766130552,0.7323750855578371,1
0.6095852232455214,0.8482172759907439,0.6856086856086856,0.49148689319408584,0.6327836852757872,0.7848392036753445,0.9311298426626725,1.1318699056009214,0.5647840531561462,0.2591553435247325,0.6584716888073034,0.7584223500410846,2
0.6697341383839064,0.9006892367118753,0.6923604757548033,0.3758197034777076,0.44755665786760673,0.8658536585365854,1.138933167109655,1.3879568326292935,0.514073287307488,0.2551296775769482,0.6146115471693429,0.789515488482923,3
0.7685591605661122,1.0109575726018885,0.6397003745318353,0.5888117864294852,0.6693515323058162,0.7870105062082139,1.2441065304722465,1.4790671731351208,0.4727061556329849,0.25828645000194167,0.6481556244398832,0.7475728155339806,4
0.6555712774848912,0.8742268596684869,0.6886267527264633,0.5720571743646323,0.7029057688746505,0.765661252900232,0.9458789959805167,1.115306844331844,0.591429995017439,0.2576971318971076,0.6543363661035857,0.768650461022632,5
0.6657181814964424,0.9062175369323088,0.6752442996742671,0.5032886868243469,0.6066859728558566,0.7990921318090114,1.052614041183968,1.2711257920513341,0.5372711421098518,0.2598077551403142,0.6600999739656986,0.7584040213634936,OOF
