{
  "fold1": {
    "training_history": {
      "training_sq_2_kl_divergence": [
        0.31196813697319764,
        0.2791997333036702,
        0.2557703558000457,
        0.2304179384249902,
        0.20886830877456908,
        0.19281498579519324,
        0.18675518228025612,
        0.18609192386574075,
        0.19388103114503952,
        0.20841287883478102
      ],
      "validation_sq_2_kl_divergence": [
        0.3516068756580353,
        0.329964816570282,
        0.3004315495491028,
        0.28666818141937256,
        0.27213260531425476,
        0.2780589461326599,
        0.27220314741134644,
        0.28915828466415405,
        0.2781808376312256,
        0.3371943235397339
      ]
    },
    "best_epoch_sq_2_kl_divergence": 5,
    "training_sq_2_kl_divergence": 0.20886830877456908,
    "validation_sq_2_kl_divergence": 0.27213260531425476
  },
  "fold2": {
    "training_history": {
      "training_sq_2_kl_divergence": [
        0.302135002561058,
        0.2688005481173877,
        0.24415376985656567,
        0.2180474528224996,
        0.19596654442343026,
        0.18733199467848352,
        0.17798840000155391,
        0.1814837465891166,
        0.18957392331451284,
        0.20738330755967518
      ],
      "validation_sq_2_kl_divergence": [
        0.338058203458786,
        0.29122892022132874,
        0.28917890787124634,
        0.27933165431022644,
        0.26817724108695984,
        0.2674454152584076,
        0.2631160318851471,
        0.2680758833885193,
        0.27874842286109924,
        0.2801651060581207
      ]
    },
    "best_epoch_sq_2_kl_divergence": 7,
    "training_sq_2_kl_divergence": 0.17798840000155391,
    "validation_sq_2_kl_divergence": 0.2631160318851471
  },
  "fold3": {
    "training_history": {
      "training_sq_2_kl_divergence": [
        0.3158441284473734,
        0.27647933532389735,
        0.2513788500943699,
        0.21981327636271894,
        0.2018209456520137,
        0.18967942831921006,
        0.17892057473083012,
        0.1811440488491949,
        0.19030918844930972,
        0.20926715561110493
      ],
      "validation_sq_2_kl_divergence": [
        0.3131750822067261,
        0.3623349964618683,
        0.2940334975719452,
        0.2725389003753662,
        0.27350395917892456,
        0.2596593201160431,
        0.2570537030696869,
        0.2624501585960388,
        0.27834194898605347,
        0.315011203289032
      ]
    },
    "best_epoch_sq_2_kl_divergence": 7,
    "training_sq_2_kl_divergence": 0.17892057473083012,
    "validation_sq_2_kl_divergence": 0.2570537030696869
  },
  "fold4": {
    "training_history": {
      "training_sq_2_kl_divergence": [
        0.3056523267635879,
        0.26829547649806584,
        0.24247820959601193,
        0.21887013331221417,
        0.20060212769674096,
        0.1852516758949565,
        0.17891424524049065,
        0.17873310164980757,
        0.19041460698273538,
        0.20809123805527752
      ],
      "validation_sq_2_kl_divergence": [
        0.3466884195804596,
        0.3509831726551056,
        0.2814660370349884,
        0.2630205750465393,
        0.26207345724105835,
        0.2610878050327301,
        0.26127704977989197,
        0.2726132869720459,
        0.284918874502182,
        0.36268413066864014
      ]
    },
    "best_epoch_sq_2_kl_divergence": 6,
    "training_sq_2_kl_divergence": 0.1852516758949565,
    "validation_sq_2_kl_divergence": 0.2610878050327301
  },
  "fold5": {
    "training_history": {
      "training_sq_2_kl_divergence": [
        0.3029919254277149,
        0.26825266527859154,
        0.24580194452908322,
        0.21600701706426012,
        0.19780733369247502,
        0.18259129836761803,
        0.17975880121939403,
        0.18116751100009168,
        0.19096333303296523,
        0.20753208545397203
      ],
      "validation_sq_2_kl_divergence": [
        0.34694987535476685,
        0.34858062863349915,
        0.27527710795402527,
        0.2629541754722595,
        0.2602391242980957,
        0.25756242871284485,
        0.2614094913005829,
        0.2747449576854706,
        0.28771039843559265,
        0.27572256326675415
      ]
    },
    "best_epoch_sq_2_kl_divergence": 6,
    "training_sq_2_kl_divergence": 0.18259129836761803,
    "validation_sq_2_kl_divergence": 0.25756242871284485
  }
}