kl_divergence,log_loss,accuracy,sq_0_kl_divergence,sq_0_log_loss,sq_0_accuracy,sq_1_kl_divergence,sq_1_log_loss,sq_1_accuracy,sq_2_kl_divergence,sq_2_log_loss,sq_2_accuracy,fold
0.5752723137031159,0.8315270771899198,0.6954089955721278,0.46826591703715986,0.5343204097915354,0.8311567164179104,0.8991495053308279,1.102138928924674,0.5995449374288965,0.26407091352815854,0.7239773934810697,0.7111567419575633,1
0.6142960530000998,0.8526175111037908,0.6775236775236775,0.5042197350134991,0.6406065197087789,0.7733537519142419,0.935468868919587,1.1387547229035568,0.5658914728682171,0.2558092541010912,0.6555119648848163,0.7403451109285127,2
0.651501615172713,0.8825021598295422,0.6822964318389753,0.3871619271296154,0.4597688405921159,0.8577235772357723,1.0915616228440512,1.3363441222054413,0.5018587360594795,0.2515848731932693,0.6167178607892055,0.7807783955520254,3
0.7461139198615612,0.9851493423239818,0.6581772784019975,0.5933034162031487,0.671253858464779,0.7908309455587392,1.1914063389087644,1.419085512485465,0.5069686411149826,0.2551746413268313,0.6464846874554632,0.7564724919093851,4
0.6715351275602439,0.8899156093229403,0.6857333630091254,0.5698802850923772,0.698416338240192,0.7695282289249806,0.9796810054623681,1.1529783814793613,0.5824613851519681,0.2633129434541151,0.6549127373967518,0.768650461022632,5
0.650606782235753,0.8869835870293408,0.680176826430898,0.5034877425605301,0.6020165405382794,0.8034633490248824,1.0182425498059704,1.2280056792562442,0.5517654751525719,0.25815284644623254,0.6616875258064014,0.7500785422557336,OOF
