{
  "fold1": {
    "training_history": {
      "training_sq_2_kl_divergence": [
        0.24850068223807192,
        0.210957376450984,
        0.19154385567041535,
        0.17205986339076593,
        0.15616422646610217,
        0.1498603721463167,
        0.14209881245579287,
        0.14182052836036632,
        0.14267775052001866,
        0.15178595633535635
      ],
      "validation_sq_2_kl_divergence": [
        0.29163846373558044,
        0.2826713025569916,
        0.2702358365058899,
        0.28169435262680054,
        0.26715192198753357,
        0.2684292793273926,
        0.265446275472641,
        0.2679276764392853,
        0.28672224283218384,
        0.2870911955833435
      ]
    },
    "best_epoch_sq_2_kl_divergence": 7,
    "training_sq_2_kl_divergence": 0.14209881245579287,
    "validation_sq_2_kl_divergence": 0.265446275472641
  },
  "fold2": {
    "training_history": {
      "training_sq_2_kl_divergence": [
        0.2733775696216528,
        0.2364097371108212,
        0.21511682742726868,
        0.1917261473942904,
        0.17139310714338904,
        0.16141621451435612,
        0.15626322425544112,
        0.1586942208552309,
        0.16679590301618666,
        0.17483221894547207
      ],
      "validation_sq_2_kl_divergence": [
        0.32123029232025146,
        0.33388611674308777,
        0.2834932804107666,
        0.2685827314853668,
        0.2716270685195923,
        0.2727140188217163,
        0.2765956223011017,
        0.2775290012359619,
        0.28893905878067017,
        0.30418476462364197
      ]
    },
    "best_epoch_sq_2_kl_divergence": 4,
    "training_sq_2_kl_divergence": 0.1917261473942904,
    "validation_sq_2_kl_divergence": 0.2685827314853668
  },
  "fold3": {
    "training_history": {
      "training_sq_2_kl_divergence": [
        0.267888859024784,
        0.23119076697977864,
        0.21019494521772686,
        0.18848346974234834,
        0.17094703982582946,
        0.15732399415963494,
        0.1550889331747147,
        0.15507265231608588,
        0.16086087663904852,
        0.17131846212431026
      ],
      "validation_sq_2_kl_divergence": [
        0.2782891094684601,
        0.28234779834747314,
        0.27417880296707153,
        0.2744285762310028,
        0.26260995864868164,
        0.2548118829727173,
        0.2611375153064728,
        0.2626170814037323,
        0.2805955708026886,
        0.29208678007125854
      ]
    },
    "best_epoch_sq_2_kl_divergence": 6,
    "training_sq_2_kl_divergence": 0.15732399415963494,
    "validation_sq_2_kl_divergence": 0.2548118829727173
  },
  "fold4": {
    "training_history": {
      "training_sq_2_kl_divergence": [
        0.2813122654003351,
        0.2455498517280994,
        0.21967778394410542,
        0.20278254230075035,
        0.18337173708018387,
        0.17221498522640183,
        0.17073919214034716,
        0.16521351012661428,
        0.17427956448783066,
        0.1850928165190837
      ],
      "validation_sq_2_kl_divergence": [
        0.315116286277771,
        0.3067021667957306,
        0.29954272508621216,
        0.27673375606536865,
        0.2601131498813629,
        0.2583364248275757,
        0.26133614778518677,
        0.28307947516441345,
        0.27735576033592224,
        0.3180282413959503
      ]
    },
    "best_epoch_sq_2_kl_divergence": 6,
    "training_sq_2_kl_divergence": 0.17221498522640183,
    "validation_sq_2_kl_divergence": 0.2583364248275757
  },
  "fold5": {
    "training_history": {
      "training_sq_2_kl_divergence": [
        0.2773000410212171,
        0.2371990475561397,
        0.21699519721790042,
        0.19618724224007908,
        0.17643994385456163,
        0.1642451538742796,
        0.16049318079595395,
        0.16380846562349347,
        0.17030902775671775,
        0.1798902418425056
      ],
      "validation_sq_2_kl_divergence": [
        0.29605093598365784,
        0.281572163105011,
        0.31260910630226135,
        0.2868776023387909,
        0.2748850882053375,
        0.2766464650630951,
        0.27464058995246887,
        0.2819257378578186,
        0.2875021696090698,
        0.30990514159202576
      ]
    },
    "best_epoch_sq_2_kl_divergence": 7,
    "training_sq_2_kl_divergence": 0.16049318079595395,
    "validation_sq_2_kl_divergence": 0.27464058995246887
  }
}