kl_divergence,log_loss,accuracy,sq_0_kl_divergence,sq_0_log_loss,sq_0_accuracy,sq_1_kl_divergence,sq_1_log_loss,sq_1_accuracy,sq_2_kl_divergence,sq_2_log_loss,sq_2_accuracy,fold
0.5212632772580303,0.7575160361060944,0.7301328361687253,0.5314765949885034,0.5921846723627902,0.8330223880597015,0.6322161076018197,0.777643501493453,0.7161547212741752,0.3802613933761349,0.8546078484139974,0.6714579055441479,1
0.538602093402699,0.7283702341765007,0.726957726957727,0.5337623601519115,0.6119476831256246,0.7787136294027565,0.6342092954638842,0.7778055000773059,0.7159468438538206,0.40191687130165377,0.7799460447398454,0.6877567789646672,2
0.5396608947429686,0.7190046361777436,0.7410795974382434,0.4586621809452361,0.5044224457752587,0.8276422764227642,0.6722544387844126,0.812753871514389,0.709506107275624,0.4204827966819451,0.7884298022271101,0.7037331215250199,3
0.5607775478696091,0.7699563191128789,0.7213483146067415,0.5834451224269307,0.6504414603028914,0.7917860553963706,0.6948048279191177,0.8544758729088571,0.6869918699186992,0.35484880449843664,0.7534428769910199,0.709546925566343,4
0.5584686133425681,0.7436738939302189,0.7326953038059203,0.6220831369662068,0.7179984673181513,0.7556071152358855,0.6233797229608499,0.7523271214607143,0.7384155455904334,0.38032093853179216,0.7569440523172254,0.6982397317686505,5
0.5436417019933315,0.7432343502804081,0.7306188925081433,0.5457652276440844,0.6159800737084805,0.7958977807666443,0.650637536035524,0.7937617191311469,0.7141455972101134,0.3874330146320626,0.7893024150739121,0.6933710336160854,OOF
