{
  "fold1": {
    "training_history": {
      "training_kl_divergence": [
        0.789690375328064,
        0.5134131908416748,
        0.4392673075199127,
        0.3806264102458954,
        0.3566136360168457,
        0.36819368600845337,
        0.3722197115421295,
        0.3581189215183258,
        0.31731539964675903,
        0.2663537561893463
      ],
      "validation_kl_divergence": [
        0.5761662125587463,
        0.532540500164032,
        0.5652972459793091,
        0.6000217199325562,
        0.5914037227630615,
        0.5406495332717896,
        0.5405285954475403,
        0.5795109868049622,
        0.5840464234352112,
        0.590986967086792
      ]
    },
    "best_epoch_kl_divergence": 2,
    "training_kl_divergence": 0.5134131908416748,
    "validation_kl_divergence": 0.532540500164032
  },
  "fold2": {
    "training_history": {
      "training_kl_divergence": [
        0.7478328347206116,
        0.5020517706871033,
        0.42927253246307373,
        0.37190642952919006,
        0.3513962924480438,
        0.35973984003067017,
        0.37204408645629883,
        0.3491772711277008,
        0.3235880732536316,
        0.26444104313850403
      ],
      "validation_kl_divergence": [
        0.6123649477958679,
        0.6492118835449219,
        0.5864018201828003,
        0.5558384656906128,
        0.6416190266609192,
        0.6300758123397827,
        0.6583454012870789,
        0.5986366271972656,
        0.6315678358078003,
        0.6303494572639465
      ]
    },
    "best_epoch_kl_divergence": 4,
    "training_kl_divergence": 0.37190642952919006,
    "validation_kl_divergence": 0.5558384656906128
  },
  "fold3": {
    "training_history": {
      "training_kl_divergence": [
        0.750034749507904,
        0.5042883157730103,
        0.41968172788619995,
        0.37467655539512634,
        0.3435836732387543,
        0.36092516779899597,
        0.3683147430419922,
        0.35059627890586853,
        0.31613901257514954,
        0.2622024118900299
      ],
      "validation_kl_divergence": [
        0.5898388624191284,
        0.5607849955558777,
        0.5507732629776001,
        0.5545673370361328,
        0.5964810252189636,
        0.5724501013755798,
        0.6089667677879333,
        0.5532601475715637,
        0.6072695255279541,
        0.5963466167449951
      ]
    },
    "best_epoch_kl_divergence": 3,
    "training_kl_divergence": 0.41968172788619995,
    "validation_kl_divergence": 0.5507732629776001
  },
  "fold4": {
    "training_history": {
      "training_kl_divergence": [
        0.7543808221817017,
        0.5035625696182251,
        0.4180169701576233,
        0.36402153968811035,
        0.34913021326065063,
        0.3573412001132965,
        0.36373481154441833,
        0.34947773814201355,
        0.30248039960861206,
        0.25108805298805237
      ],
      "validation_kl_divergence": [
        0.6360680460929871,
        0.6061087846755981,
        0.5757659077644348,
        0.5669989585876465,
        0.6148504614830017,
        0.6685948967933655,
        0.6558604836463928,
        0.639288604259491,
        0.6120284199714661,
        0.6452152132987976
      ]
    },
    "best_epoch_kl_divergence": 4,
    "training_kl_divergence": 0.36402153968811035,
    "validation_kl_divergence": 0.5669989585876465
  },
  "fold5": {
    "training_history": {
      "training_kl_divergence": [
        0.7430598139762878,
        0.5236709117889404,
        0.43044695258140564,
        0.37765613198280334,
        0.35319897532463074,
        0.3548489511013031,
        0.37268900871276855,
        0.3556022047996521,
        0.32095932960510254,
        0.26853495836257935
      ],
      "validation_kl_divergence": [
        0.7127422094345093,
        0.6099896430969238,
        0.5610883235931396,
        0.5951806306838989,
        0.5996391177177429,
        0.6762688159942627,
        0.7124632596969604,
        0.5762462615966797,
        0.7054338455200195,
        0.645135760307312
      ]
    },
    "best_epoch_kl_divergence": 3,
    "training_kl_divergence": 0.43044695258140564,
    "validation_kl_divergence": 0.5610883235931396
  }
}