kl_divergence,log_loss,accuracy,sq_0_kl_divergence,sq_0_log_loss,sq_0_accuracy,sq_1_kl_divergence,sq_1_log_loss,sq_1_accuracy,sq_2_kl_divergence,sq_2_log_loss,sq_2_accuracy,fold
0.5918645324573372,0.8604925762990236,0.6788627359589839,0.48267413895609995,0.563863455819396,0.8069029850746269,0.9477755791839902,1.1804375538333083,0.5534698521046644,0.24371975606299784,0.6931572899532935,0.7357973990417522,1
0.6211030650844946,0.8572261353560197,0.6904596904596905,0.4714210207365205,0.6158386745428309,0.7993874425727412,0.9914577460052206,1.200045996627965,0.5614617940199336,0.23213362890998618,0.6075296311365384,0.7649958915365653,2
0.7315665284200891,0.9717192570792157,0.6779505946935042,0.4225887191750247,0.4955899363780904,0.8439024390243902,1.2648827956330024,1.5327774824765372,0.49123738714816784,0.23578271127117154,0.5977450124717716,0.7950754567116759,3
0.7235282722435803,0.9570023997682775,0.6621722846441948,0.5072731603211116,0.5829273970094472,0.828080229226361,1.2030976870397072,1.432612997110596,0.483739837398374,0.23857727702019424,0.6112540820215328,0.7702265372168284,4
0.659196194748319,0.8848396059040288,0.6875139105274872,0.585521968798399,0.7129780026978499,0.7695282289249806,0.954103676104937,1.1416439862081977,0.5894369706028899,0.24291912774958838,0.6390815687498977,0.7636211232187762,5
0.6647907851613577,0.9055393735320802,0.6797114937180084,0.49446562863830684,0.5969280594306645,0.8085070611970411,1.070745069386749,1.2954393363553487,0.5370531822144725,0.23878662539807052,0.6318821378124617,0.7650015708451147,OOF
