{
  "fold1": {
    "training_history": {
      "training_sq_2_kl_divergence": [
        0.30572711695936344,
        0.271665865199042,
        0.24309886706086514,
        0.22022485852804427,
        0.20145285338021296,
        0.1853222708582303,
        0.17889587047962335,
        0.17834228395942406,
        0.1840644682788729,
        0.195586960759685
      ],
      "validation_sq_2_kl_divergence": [
        0.3395857810974121,
        0.3166801631450653,
        0.3002418279647827,
        0.2672909200191498,
        0.25722917914390564,
        0.2506026029586792,
        0.2473614364862442,
        0.2545916736125946,
        0.28671249747276306,
        0.2890300750732422
      ]
    },
    "best_epoch_sq_2_kl_divergence": 7,
    "training_sq_2_kl_divergence": 0.17889587047962335,
    "validation_sq_2_kl_divergence": 0.2473614364862442
  },
  "fold2": {
    "training_history": {
      "training_sq_2_kl_divergence": [
        0.304673026903433,
        0.2682838946624226,
        0.2448166925266716,
        0.21502471715277527,
        0.19655539873975136,
        0.17938935244100088,
        0.17344123647076928,
        0.176186308458751,
        0.18735668418829873,
        0.20379373749900365
      ],
      "validation_sq_2_kl_divergence": [
        0.2963498532772064,
        0.26867178082466125,
        0.25059518218040466,
        0.2574748396873474,
        0.2351851612329483,
        0.23406952619552612,
        0.2370096892118454,
        0.25063711404800415,
        0.2490568459033966,
        0.2740021049976349
      ]
    },
    "best_epoch_sq_2_kl_divergence": 6,
    "training_sq_2_kl_divergence": 0.17938935244100088,
    "validation_sq_2_kl_divergence": 0.23406952619552612
  },
  "fold3": {
    "training_history": {
      "training_sq_2_kl_divergence": [
        0.29973845776940516,
        0.2695195639762623,
        0.24589374325097474,
        0.21565390204242005,
        0.193100039220688,
        0.17848687849086364,
        0.17426610682093324,
        0.1772466378890735,
        0.18360065242748924,
        0.2061990306392233
      ],
      "validation_sq_2_kl_divergence": [
        0.3693391978740692,
        0.26507407426834106,
        0.27677446603775024,
        0.24908185005187988,
        0.23765701055526733,
        0.23755525052547455,
        0.2405419796705246,
        0.2516704499721527,
        0.2657860517501831,
        0.2674822211265564
      ]
    },
    "best_epoch_sq_2_kl_divergence": 6,
    "training_sq_2_kl_divergence": 0.17848687849086364,
    "validation_sq_2_kl_divergence": 0.23755525052547455
  },
  "fold4": {
    "training_history": {
      "training_sq_2_kl_divergence": [
        0.30931371054046364,
        0.2751500775953931,
        0.24630289114047485,
        0.2238337882023831,
        0.19717618872714557,
        0.18582645792235428,
        0.1800341579844811,
        0.1850979667176185,
        0.19318892249895156,
        0.20826974056945602
      ],
      "validation_sq_2_kl_divergence": [
        0.38554203510284424,
        0.2778139114379883,
        0.303421288728714,
        0.2614622116088867,
        0.24798542261123657,
        0.24345199763774872,
        0.24250808358192444,
        0.2596060633659363,
        0.2834290862083435,
        0.29270344972610474
      ]
    },
    "best_epoch_sq_2_kl_divergence": 7,
    "training_sq_2_kl_divergence": 0.1800341579844811,
    "validation_sq_2_kl_divergence": 0.24250808358192444
  },
  "fold5": {
    "training_history": {
      "training_sq_2_kl_divergence": [
        0.30553644281155856,
        0.2744092826691661,
        0.24175528798356405,
        0.21336660458706805,
        0.1956663269653149,
        0.18162039227618207,
        0.17397892464277862,
        0.1800181926723634,
        0.1888820332880013,
        0.203010408729926
      ],
      "validation_sq_2_kl_divergence": [
        0.4770926237106323,
        0.2887568771839142,
        0.2835547924041748,
        0.25515326857566833,
        0.2482597827911377,
        0.2468602955341339,
        0.25130152702331543,
        0.24804548919200897,
        0.25487473607063293,
        0.2887383699417114
      ]
    },
    "best_epoch_sq_2_kl_divergence": 6,
    "training_sq_2_kl_divergence": 0.18162039227618207,
    "validation_sq_2_kl_divergence": 0.2468602955341339
  }
}