kl_divergence,log_loss,accuracy,sq_0_kl_divergence,sq_0_log_loss,sq_0_accuracy,sq_1_kl_divergence,sq_1_log_loss,sq_1_accuracy,sq_2_kl_divergence,sq_2_log_loss,sq_2_accuracy,fold
0.5851037241350708,0.8515909913873498,0.6923793987415521,0.4980820266959128,0.5895194666578474,0.7845149253731343,0.9243536986747579,1.1550226370218841,0.5955631399317406,0.24074082503446023,0.678769527653274,0.7412731006160165,1
0.662430216046529,0.9137568641362417,0.6444906444906445,0.5555567471036649,0.7220697464070589,0.7542113323124043,1.0261969406534839,1.2496702398854835,0.48726467331118495,0.23729796115681667,0.6209744640961278,0.7600657354149548,2
0.6545633230518888,0.8846861489624585,0.6909881061299177,0.38082471257811346,0.44831145943345285,0.8536585365853658,1.1129490353525355,1.3616832562575938,0.5161975570897503,0.23642050702379186,0.5975974397360385,0.7934868943606036,3
0.7216507878808246,0.9575121751915476,0.6534332084893882,0.485079787044602,0.5707565514934612,0.8166189111747851,1.213729324816428,1.4384491095242906,0.47502903600464574,0.23648136819831375,0.6150847780159107,0.7637540453074434,4
0.661697227716734,0.8733571176027429,0.6839528154907634,0.5609061398683205,0.6848297382866313,0.7749419953596288,0.9694910900595115,1.1462397455595392,0.5714997508719482,0.2531310876212138,0.618613167180649,0.7745180217937971,5
0.6562730750817058,0.8951376474259678,0.6734295020939972,0.4978220606408744,0.6068389396748901,0.7957296570275723,1.0472775747321894,1.2673274146239677,0.5300784655623365,0.2407231764171175,0.6280291664166312,0.7657869934024505,OOF
