{
  "fold1": {
    "training_history": {
      "training_sq_2_kl_divergence": [
        0.2967561623618095,
        0.249761476775034,
        0.21888802762336884,
        0.18804735884127027,
        0.16292855697475575,
        0.14837398116739198,
        0.13899604718562225,
        0.1381800709578119,
        0.1464473246769066,
        0.1567627361824348
      ],
      "validation_sq_2_kl_divergence": [
        0.29894477128982544,
        0.3104284107685089,
        0.3044949471950531,
        0.25841274857521057,
        0.2595730423927307,
        0.24947874248027802,
        0.24746130406856537,
        0.25407665967941284,
        0.27220872044563293,
        0.2811240553855896
      ]
    },
    "best_epoch_sq_2_kl_divergence": 7,
    "training_sq_2_kl_divergence": 0.13899604718562225,
    "validation_sq_2_kl_divergence": 0.24746130406856537
  },
  "fold2": {
    "training_history": {
      "training_sq_2_kl_divergence": [
        0.29403486044903493,
        0.24325684230716815,
        0.2134297949307298,
        0.18433932186741403,
        0.16359489983801961,
        0.14811205928717702,
        0.1392210703157098,
        0.14094602298382156,
        0.14950744904220828,
        0.16541073782628585
      ],
      "validation_sq_2_kl_divergence": [
        0.31767573952674866,
        0.27527838945388794,
        0.28750261664390564,
        0.24415436387062073,
        0.24413831532001495,
        0.24533243477344513,
        0.24269558489322662,
        0.2526344358921051,
        0.26360777020454407,
        0.27485981583595276
      ]
    },
    "best_epoch_sq_2_kl_divergence": 7,
    "training_sq_2_kl_divergence": 0.1392210703157098,
    "validation_sq_2_kl_divergence": 0.24269558489322662
  },
  "fold3": {
    "training_history": {
      "training_sq_2_kl_divergence": [
        0.2798463999663996,
        0.2376279347523732,
        0.20955429990021546,
        0.18002576309626275,
        0.1556965818647769,
        0.1408904359358435,
        0.13515756651777786,
        0.1388741592175245,
        0.14723280750962892,
        0.16227998628677348
      ],
      "validation_sq_2_kl_divergence": [
        0.2901780903339386,
        0.25786224007606506,
        0.26499664783477783,
        0.2389502078294754,
        0.24061505496501923,
        0.24155034124851227,
        0.23818908631801605,
        0.24566549062728882,
        0.2671486735343933,
        0.2807319164276123
      ]
    },
    "best_epoch_sq_2_kl_divergence": 7,
    "training_sq_2_kl_divergence": 0.13515756651777786,
    "validation_sq_2_kl_divergence": 0.23818908631801605
  },
  "fold4": {
    "training_history": {
      "training_sq_2_kl_divergence": [
        0.28044854028771826,
        0.2475522823105595,
        0.21701025340992655,
        0.18717243892327073,
        0.16309818202356438,
        0.14866369881454336,
        0.14238308837004698,
        0.14620354362299476,
        0.15255948974085487,
        0.16495011398173276
      ],
      "validation_sq_2_kl_divergence": [
        0.33935779333114624,
        0.307819128036499,
        0.2567218244075775,
        0.24680814146995544,
        0.23951829969882965,
        0.24255035817623138,
        0.24576736986637115,
        0.24220459163188934,
        0.2572796642780304,
        0.27154526114463806
      ]
    },
    "best_epoch_sq_2_kl_divergence": 5,
    "training_sq_2_kl_divergence": 0.16309818202356438,
    "validation_sq_2_kl_divergence": 0.23951829969882965
  },
  "fold5": {
    "training_history": {
      "training_sq_2_kl_divergence": [
        0.27921256212904283,
        0.23165965775719874,
        0.2086290009404486,
        0.17937162104411494,
        0.15780702530313037,
        0.1420635042257939,
        0.13431325751158843,
        0.13480058034589423,
        0.14458126323843953,
        0.1630813176864425
      ],
      "validation_sq_2_kl_divergence": [
        0.3278551399707794,
        0.30449873208999634,
        0.2702755630016327,
        0.27273690700531006,
        0.2617298662662506,
        0.25811874866485596,
        0.26515236496925354,
        0.2672595977783203,
        0.30423134565353394,
        0.3083468973636627
      ]
    },
    "best_epoch_sq_2_kl_divergence": 6,
    "training_sq_2_kl_divergence": 0.1420635042257939,
    "validation_sq_2_kl_divergence": 0.25811874866485596
  }
}