{
  "fold1": {
    "training_history": {
      "training_sq_2_kl_divergence": [
        0.23912683129310608,
        0.20192602276802063,
        0.1809147596359253,
        0.16021506488323212,
        0.1426447033882141,
        0.1291235089302063,
        0.12653353810310364,
        0.12205703556537628,
        0.12141886353492737,
        0.12264495342969894
      ],
      "validation_sq_2_kl_divergence": [
        0.27411240339279175,
        0.285674512386322,
        0.28532955050468445,
        0.2845519483089447,
        0.28115779161453247,
        0.2806812822818756,
        0.2878762483596802,
        0.2806313931941986,
        0.2863801419734955,
        0.296159029006958
      ]
    },
    "best_epoch_sq_2_kl_divergence": 1,
    "training_sq_2_kl_divergence": 0.23912683129310608,
    "validation_sq_2_kl_divergence": 0.27411240339279175
  },
  "fold2": {
    "training_history": {
      "training_sq_2_kl_divergence": [
        0.2443186193704605,
        0.2031203955411911,
        0.18207663297653198,
        0.15935565531253815,
        0.14142414927482605,
        0.13240961730480194,
        0.1272640824317932,
        0.12669730186462402,
        0.12570668756961823,
        0.12800872325897217
      ],
      "validation_sq_2_kl_divergence": [
        0.2889825701713562,
        0.2488950490951538,
        0.2559930384159088,
        0.2543860077857971,
        0.2576736807823181,
        0.2605055272579193,
        0.2570769786834717,
        0.259369820356369,
        0.278790682554245,
        0.279973566532135
      ]
    },
    "best_epoch_sq_2_kl_divergence": 2,
    "training_sq_2_kl_divergence": 0.2031203955411911,
    "validation_sq_2_kl_divergence": 0.2488950490951538
  },
  "fold3": {
    "training_history": {
      "training_sq_2_kl_divergence": [
        0.23239317536354065,
        0.19877058267593384,
        0.17281164228916168,
        0.15466827154159546,
        0.13732053339481354,
        0.1262550801038742,
        0.12178706377744675,
        0.11964057385921478,
        0.12029404193162918,
        0.12229975312948227
      ],
      "validation_sq_2_kl_divergence": [
        0.2684049904346466,
        0.2621939480304718,
        0.2625179886817932,
        0.25949007272720337,
        0.26333171129226685,
        0.2658902704715729,
        0.2637768089771271,
        0.26373153924942017,
        0.2663522958755493,
        0.28567105531692505
      ]
    },
    "best_epoch_sq_2_kl_divergence": 4,
    "training_sq_2_kl_divergence": 0.15466827154159546,
    "validation_sq_2_kl_divergence": 0.25949007272720337
  },
  "fold4": {
    "training_history": {
      "training_sq_2_kl_divergence": [
        0.23516476154327393,
        0.2022034227848053,
        0.17849503457546234,
        0.1566750556230545,
        0.1410989761352539,
        0.12998507916927338,
        0.12540659308433533,
        0.12283126264810562,
        0.12481488287448883,
        0.1285310536623001
      ],
      "validation_sq_2_kl_divergence": [
        0.30935609340667725,
        0.2902989089488983,
        0.2812623381614685,
        0.2858189046382904,
        0.2837475538253784,
        0.27878889441490173,
        0.28464728593826294,
        0.28446272015571594,
        0.2867218255996704,
        0.29254189133644104
      ]
    },
    "best_epoch_sq_2_kl_divergence": 6,
    "training_sq_2_kl_divergence": 0.12998507916927338,
    "validation_sq_2_kl_divergence": 0.27878889441490173
  },
  "fold5": {
    "training_history": {
      "training_sq_2_kl_divergence": [
        0.22598907351493835,
        0.1899411976337433,
        0.1653411090373993,
        0.14831599593162537,
        0.13022956252098083,
        0.12007681280374527,
        0.11485296487808228,
        0.11358733475208282,
        0.1150343120098114,
        0.11801185458898544
      ],
      "validation_sq_2_kl_divergence": [
        0.27565234899520874,
        0.27992284297943115,
        0.2770140767097473,
        0.280656635761261,
        0.2804985046386719,
        0.28283384442329407,
        0.28335580229759216,
        0.2846623659133911,
        0.2876017093658447,
        0.3068864643573761
      ]
    },
    "best_epoch_sq_2_kl_divergence": 1,
    "training_sq_2_kl_divergence": 0.22598907351493835,
    "validation_sq_2_kl_divergence": 0.27565234899520874
  }
}