kl_divergence,log_loss,accuracy,sq_0_kl_divergence,sq_0_log_loss,sq_0_accuracy,sq_1_kl_divergence,sq_1_log_loss,sq_1_accuracy,sq_2_kl_divergence,sq_2_log_loss,sq_2_accuracy,fold
0.4905097152495442,0.6903126626805757,0.7434164530412491,0.5169100990276109,0.5546721912507514,0.808768656716418,0.5364203904537479,0.647306510639465,0.7747440273037542,0.4158949456266299,0.8415867219968279,0.6577686516084873,1
0.4961946487055085,0.6835484326997783,0.7456687456687456,0.4913838858844854,0.5682291159518417,0.8078101071975498,0.6060343128982023,0.7534468397790383,0.7170542635658915,0.3383576911970874,0.7035734980142083,0.7214461791290058,2
0.5149793356314154,0.7010520201440205,0.7564043915827996,0.42084470966053195,0.47374441016942664,0.8642276422764228,0.6806573445686785,0.8281228543613136,0.7105682421667552,0.35915240879688043,0.7330726551222473,0.7196187450357426,3
0.5321976233592065,0.7230963994963847,0.7320848938826466,0.5244052399828274,0.55592455354811,0.8414517669531996,0.6618685455082538,0.8195116581358914,0.6829268292682927,0.3581404206524183,0.7303794474984986,0.7079288025889967,4
0.5392669393373516,0.7330808372269493,0.7293567772089917,0.5923399086822467,0.6818194870110945,0.7532869296210364,0.6141251100389757,0.7587621583827886,0.7334329845540608,0.35581036099610347,0.745434998391518,0.6965632858340318,5
0.5145961525248409,0.7061863896897651,0.7414611447184737,0.5091563150963949,0.5687738808393614,0.8137188971082717,0.6202582308792612,0.7619965017754727,0.7239537925021796,0.3673766932166784,0.7541310981634922,0.6991831605403708,OOF
