kl_divergence,log_loss,accuracy,sq_0_kl_divergence,sq_0_log_loss,sq_0_accuracy,sq_1_kl_divergence,sq_1_log_loss,sq_1_accuracy,sq_2_kl_divergence,sq_2_log_loss,sq_2_accuracy,fold
0.5030002424337557,0.7135881834641435,0.7266371475180611,0.5334511859423061,0.5795739943508242,0.7677238805970149,0.5741033319051266,0.7123262911910303,0.7389078498293515,0.39509973406152016,0.8134387086835903,0.6817248459958932,1
0.4978312381797701,0.6889638050588222,0.7368907368907369,0.4907144366128401,0.5701216407779517,0.8032159264931087,0.5884868754332929,0.7393036359565076,0.7109634551495017,0.37093761613091875,0.7417938230946454,0.7041906327033689,2
0.5362394066788168,0.726828836482616,0.7413083257090577,0.44313748793871566,0.4984190524179297,0.8260162601626017,0.7271647279695886,0.8895263941431106,0.700477960701009,0.3416428856778644,0.7066418097350802,0.7196187450357426,3
0.5674714992559908,0.7726198124138641,0.7318352059925094,0.6140689283435635,0.6479270411297251,0.8147086914995224,0.6708469135641414,0.840261670340006,0.7067363530778165,0.3839763765267645,0.7840065860268713,0.6966019417475728,4
0.5378630741473862,0.7198354940741456,0.7509459158691297,0.6613618139083884,0.7485484996906793,0.7633410672853829,0.5751636968774547,0.7022759870881942,0.7638266068759342,0.34126104537100405,0.7182562939556432,0.7158424140821459,5
0.5280254212669943,0.7236291346690992,0.7377384830153559,0.5473878327287154,0.6094805718623089,0.7948890383322125,0.6267310442544658,0.775809578142356,0.7249346120313862,0.36765934839433384,0.7550692701174475,0.7027961043041157,OOF
