{
  "fold5": {
    "training_history": {
      "training_kl_divergence": [
        0.7664791345596313,
        0.5513173341751099,
        0.4576704502105713,
        0.39846792817115784,
        0.4003920555114746
      ],
      "validation_kl_divergence": [
        0.720371425151825,
        0.6191973686218262,
        0.5631526708602905,
        0.5413151383399963,
        0.5903978943824768
      ]
    },
    "best_epoch_kl_divergence": 4,
    "training_kl_divergence": 0.39846792817115784,
    "validation_kl_divergence": 0.5413151383399963
  }
}