kl_divergence,log_loss,accuracy,sq_0_kl_divergence,sq_0_log_loss,sq_0_accuracy,sq_1_kl_divergence,sq_1_log_loss,sq_1_accuracy,sq_2_kl_divergence,sq_2_log_loss,sq_2_accuracy,fold
0.5863489359668795,0.8392375754491149,0.6907480773712421,0.4793444167980913,0.5516345696867688,0.7835820895522388,0.9302445532843078,1.1488933100821275,0.5870307167235495,0.25105827840692196,0.6776603274630772,0.7474332648870636,1
0.6079287371577129,0.8483036514534691,0.6856086856086856,0.4850198495637813,0.6360544517207886,0.7856049004594181,0.9555628455758306,1.167363024615942,0.5498338870431894,0.22394501274896558,0.6025980038934482,0.7797863599013969,2
0.6864188600855743,0.9216337177522341,0.6923604757548033,0.38911323378271495,0.4637869757383793,0.8601626016260162,1.1805189291680307,1.4377087263622492,0.5204460966542751,0.23788469826687036,0.5970763321004335,0.7855440826052422,3
0.7618305968576154,1.0024637196548776,0.6359550561797753,0.5366758205523859,0.618759293148009,0.7908309455587392,1.2705993991111992,1.5059109653586567,0.45586527293844364,0.24373769500559556,0.6260902386280035,0.7556634304207119,4
0.6445963341311377,0.8573364702256787,0.6915201424438014,0.5103875121381146,0.6313303717762042,0.7811291569992266,0.971570225326514,1.1499946579002225,0.5769805680119582,0.23998225802707973,0.6099441002611871,0.7870913663034367,5
0.6559363849860261,0.8920305963400998,0.6799906933457422,0.4787715287833762,0.5811446710562156,0.800605245460659,1.0594972945626595,1.279036132745667,0.539232781168265,0.23977264926786307,0.6246706656977908,0.7701853597235313,OOF
