{
  "fold1": {
    "training_history": {
      "training_sq_2_kl_divergence": [
        0.2947108718474057,
        0.2507013109812394,
        0.2240886072776153,
        0.19498644294694717,
        0.17388348805106896,
        0.1592550260026258,
        0.150678751827534,
        0.14949256769565988,
        0.15649333787789135,
        0.16915221749017972
      ],
      "validation_sq_2_kl_divergence": [
        0.30325573682785034,
        0.3094114661216736,
        0.2839398980140686,
        0.2557254135608673,
        0.2650935649871826,
        0.2506101131439209,
        0.2507617175579071,
        0.2589617669582367,
        0.29113540053367615,
        0.2806793749332428
      ]
    },
    "best_epoch_sq_2_kl_divergence": 6,
    "training_sq_2_kl_divergence": 0.1592550260026258,
    "validation_sq_2_kl_divergence": 0.2506101131439209
  },
  "fold2": {
    "training_history": {
      "training_sq_2_kl_divergence": [
        0.2861267364531854,
        0.2507281223378544,
        0.2210781233794503,
        0.19216064086325213,
        0.1723174306217075,
        0.15773903405582476,
        0.14906399431399095,
        0.15151432827886147,
        0.15896262849796966,
        0.17456036373769387
      ],
      "validation_sq_2_kl_divergence": [
        0.2976667881011963,
        0.3003530204296112,
        0.2713753283023834,
        0.2423652857542038,
        0.23664890229701996,
        0.23485009372234344,
        0.2326148897409439,
        0.23809969425201416,
        0.26071062684059143,
        0.2654000222682953
      ]
    },
    "best_epoch_sq_2_kl_divergence": 7,
    "training_sq_2_kl_divergence": 0.14906399431399095,
    "validation_sq_2_kl_divergence": 0.2326148897409439
  },
  "fold3": {
    "training_history": {
      "training_sq_2_kl_divergence": [
        0.2747122213192112,
        0.24327849372410967,
        0.21424393546478276,
        0.18655650861092274,
        0.16240601138520616,
        0.1491687403840243,
        0.14435564008380178,
        0.14724428714658558,
        0.15673370977071846,
        0.16722414254343085
      ],
      "validation_sq_2_kl_divergence": [
        0.2778697907924652,
        0.2574491798877716,
        0.2697660028934479,
        0.24502544105052948,
        0.23914320766925812,
        0.23891028761863708,
        0.238445445895195,
        0.24855050444602966,
        0.26823025941848755,
        0.27876025438308716
      ]
    },
    "best_epoch_sq_2_kl_divergence": 7,
    "training_sq_2_kl_divergence": 0.14435564008380178,
    "validation_sq_2_kl_divergence": 0.238445445895195
  },
  "fold4": {
    "training_history": {
      "training_sq_2_kl_divergence": [
        0.28136234661964393,
        0.24889258969688938,
        0.217851459981096,
        0.18955490771082215,
        0.16859325556908053,
        0.15528121086450464,
        0.15040613334283848,
        0.1542433480530772,
        0.1629516982571893,
        0.17362320115778354
      ],
      "validation_sq_2_kl_divergence": [
        0.3049173057079315,
        0.288895845413208,
        0.25938817858695984,
        0.24930599331855774,
        0.2492510825395584,
        0.24635447561740875,
        0.24709564447402954,
        0.24566808342933655,
        0.25708088278770447,
        0.2647542655467987
      ]
    },
    "best_epoch_sq_2_kl_divergence": 8,
    "training_sq_2_kl_divergence": 0.1542433480530772,
    "validation_sq_2_kl_divergence": 0.24566808342933655
  },
  "fold5": {
    "training_history": {
      "training_sq_2_kl_divergence": [
        0.28660697207519276,
        0.24349333217555588,
        0.21896226724686696,
        0.19316607532850974,
        0.16949938924246774,
        0.15561761432284302,
        0.1490848904297787,
        0.14961423924505554,
        0.16102331917061968,
        0.179538288005459
      ],
      "validation_sq_2_kl_divergence": [
        0.33467790484428406,
        0.3212798833847046,
        0.2685331106185913,
        0.2622462511062622,
        0.24907736480236053,
        0.24722032248973846,
        0.25421056151390076,
        0.25756028294563293,
        0.312319815158844,
        0.28617748618125916
      ]
    },
    "best_epoch_sq_2_kl_divergence": 6,
    "training_sq_2_kl_divergence": 0.15561761432284302,
    "validation_sq_2_kl_divergence": 0.24722032248973846
  }
}