kl_divergence,log_loss,accuracy,sq_0_kl_divergence,sq_0_log_loss,sq_0_accuracy,sq_1_kl_divergence,sq_1_log_loss,sq_1_accuracy,sq_2_kl_divergence,sq_2_log_loss,sq_2_accuracy,fold
0.5053358378736408,0.7148345991419769,0.7406199021207178,0.4537724470082167,0.49231376449821634,0.8526119402985075,0.63703445907979,0.7554198767388215,0.7440273037542662,0.38469913624963264,0.8292722560364727,0.6543463381245722,1
0.5512105412831637,0.7608079065157036,0.7207207207207207,0.5529756166982969,0.662963553714385,0.7909647779479326,0.6499663660134826,0.8101369453621055,0.6954595791805094,0.4027650129716435,0.792604521636427,0.6828266228430567,2
0.5355964473034155,0.7387070457723318,0.7454254345837146,0.4351188450973281,0.4954309932268547,0.8634146341463415,0.7177440626961261,0.8874509762844779,0.6818906001062135,0.36133393016998694,0.7539133392406125,0.7251787132644957,3
0.5712987384985434,0.7917432567336717,0.7093632958801498,0.6197499281838689,0.6828073603464564,0.7860553963705826,0.6890516788734352,0.8655929626750152,0.6858304297328688,0.36620249341270267,0.781133782531747,0.6771844660194175,4
0.5495504904774952,0.7261829939427468,0.7407077676385488,0.5727196793529754,0.6605557335014922,0.7726218097447796,0.6147003293616078,0.7196016732831881,0.7593423019431988,0.41483675379986734,0.8083831266454091,0.6747694886839899,5
0.5422706366934943,0.7456580656744743,0.7317822242903677,0.526770530982247,0.6005327417724067,0.8122057834566241,0.6610187944843317,0.8061243782672426,0.7141455972101134,0.38558850236766556,0.7940976733116497,0.6820609487904492,OOF
