{
  "fold1": {
    "training_history": {
      "training_kl_divergence": [
        0.7517995834350586,
        0.5678619742393494,
        0.48502376675605774,
        0.43548354506492615,
        0.4111745357513428,
        0.42495787143707275,
        0.44115394353866577,
        0.4314374327659607,
        0.400199830532074,
        0.34580767154693604
      ],
      "validation_kl_divergence": [
        0.611655592918396,
        0.5278404355049133,
        0.5292368531227112,
        0.5196047425270081,
        0.5149794816970825,
        0.579081118106842,
        0.5899096131324768,
        0.567062258720398,
        0.5483422875404358,
        0.5113561153411865
      ]
    },
    "best_epoch_kl_divergence": 10,
    "training_kl_divergence": 0.34580767154693604,
    "validation_kl_divergence": 0.5113561153411865
  },
  "fold2": {
    "training_history": {
      "training_kl_divergence": [
        0.7592123746871948,
        0.5672919154167175,
        0.4932604730129242,
        0.4354969263076782,
        0.4163191318511963,
        0.4288727343082428,
        0.4397386610507965,
        0.43190816044807434,
        0.39870408177375793,
        0.3504435420036316
      ],
      "validation_kl_divergence": [
        0.8680350184440613,
        0.6848129034042358,
        0.5974705219268799,
        0.5995975136756897,
        0.5532798767089844,
        0.6237931251525879,
        0.6374941468238831,
        0.751491129398346,
        0.6205700635910034,
        0.609579861164093
      ]
    },
    "best_epoch_kl_divergence": 5,
    "training_kl_divergence": 0.4163191318511963,
    "validation_kl_divergence": 0.5532798767089844
  },
  "fold3": {
    "training_history": {
      "training_kl_divergence": [
        0.7411640286445618,
        0.5543763041496277,
        0.4757654666900635,
        0.42394495010375977,
        0.3970561921596527,
        0.413093626499176,
        0.42668241262435913,
        0.4160933196544647,
        0.38804173469543457,
        0.340060830116272
      ],
      "validation_kl_divergence": [
        0.6430229544639587,
        0.5917898416519165,
        0.6097283959388733,
        0.5397148728370667,
        0.5899760723114014,
        0.626149594783783,
        0.5720414519309998,
        0.5877258777618408,
        0.6454392671585083,
        0.5813112258911133
      ]
    },
    "best_epoch_kl_divergence": 4,
    "training_kl_divergence": 0.42394495010375977,
    "validation_kl_divergence": 0.5397148728370667
  },
  "fold4": {
    "training_history": {
      "training_kl_divergence": [
        0.7413264513015747,
        0.5422884225845337,
        0.4664725959300995,
        0.41419219970703125,
        0.40172600746154785,
        0.4152415692806244,
        0.42263028025627136,
        0.41460976004600525,
        0.37731677293777466,
        0.3305043876171112
      ],
      "validation_kl_divergence": [
        0.6804548501968384,
        0.6267679333686829,
        0.5811020135879517,
        0.5938390493392944,
        0.668251097202301,
        0.6799960732460022,
        0.7408480048179626,
        0.7105275988578796,
        0.6003112196922302,
        0.6057435274124146
      ]
    },
    "best_epoch_kl_divergence": 3,
    "training_kl_divergence": 0.4664725959300995,
    "validation_kl_divergence": 0.5811020135879517
  },
  "fold5": {
    "training_history": {
      "training_kl_divergence": [
        0.7528333067893982,
        0.5671477317810059,
        0.4905322790145874,
        0.4349132478237152,
        0.41218018531799316,
        0.4274887144565582,
        0.4360239803791046,
        0.42875179648399353,
        0.3966735005378723,
        0.34897714853286743
      ],
      "validation_kl_divergence": [
        0.7011184692382812,
        0.6653041243553162,
        0.5785913467407227,
        0.5521913766860962,
        0.6741544008255005,
        0.6691834330558777,
        0.6548963189125061,
        0.6654820442199707,
        0.6616535782814026,
        0.632270097732544
      ]
    },
    "best_epoch_kl_divergence": 4,
    "training_kl_divergence": 0.4349132478237152,
    "validation_kl_divergence": 0.5521913766860962
  }
}