kl_divergence,log_loss,accuracy,sq_0_kl_divergence,sq_0_log_loss,sq_0_accuracy,sq_1_kl_divergence,sq_1_log_loss,sq_1_accuracy,sq_2_kl_divergence,sq_2_log_loss,sq_2_accuracy,fold
0.5165705303717938,0.735519531669931,0.7184805406665113,0.5320950254942725,0.590352981232744,0.8013059701492538,0.5462725149647985,0.6727530485605524,0.7633674630261661,0.4694395600187485,0.9175606126931699,0.6036960985626283,1
0.5288674199354267,0.7372650206569884,0.7207207207207207,0.5226390533853023,0.6035418397270391,0.7901990811638591,0.618546957112,0.7818540840659549,0.6943521594684385,0.40246890109694783,0.8145983203923375,0.6852917009038619,2
0.562736516185517,0.7401674300695665,0.7406221408966148,0.468442257737334,0.5076506749653652,0.843089430894309,0.7112150100009393,0.8467427049307911,0.7057886351566649,0.4327896806309699,0.8079310251565255,0.6926131850675139,3
0.5920260668372682,0.7858050842537642,0.7073657927590512,0.669047233407936,0.6926397969969619,0.7631327602674307,0.6408618062044458,0.7788471614243216,0.7253193960511034,0.4587442670073582,0.8744180283234828,0.6351132686084142,4
0.577571854936902,0.7613119334717848,0.7318050300467394,0.7099244590853633,0.8021773889408074,0.748646558391338,0.5904776073046952,0.7201817161698508,0.7438963627304435,0.41241363015389987,0.7862149613037506,0.6932103939647947,5
0.5552559328712736,0.7515807570315949,0.7241507677989762,0.5796202466448334,0.6401989912792025,0.789340954942838,0.621764749109496,0.7602140763843525,0.7265693112467306,0.43662510721512177,0.8432049173071727,0.6597549481621112,OOF
