kl_divergence,log_loss,accuracy,sq_0_kl_divergence,sq_0_log_loss,sq_0_accuracy,sq_1_kl_divergence,sq_1_log_loss,sq_1_accuracy,sq_2_kl_divergence,sq_2_log_loss,sq_2_accuracy,fold
0.5784846065842701,0.8400051217319652,0.6916802610114192,0.4827547525185827,0.5618921636450632,0.7947761194029851,0.9230251050402839,1.1478595179275235,0.5847554038680318,0.23414525495712782,0.673632132380403,0.7446954140999316,1
0.6114114446424375,0.8450389691532725,0.6849156849156849,0.47766181167837435,0.6120383328188946,0.7863705972434916,0.9632830354360045,1.170907497149658,0.553156146179402,0.23277292999813565,0.6114976951115508,0.7715694330320461,2
0.665800658443369,0.8966647692940665,0.6992223238792314,0.37343759107883834,0.44796280984757847,0.865040650406504,1.1458980465422273,1.3919548194795421,0.5215082315454063,0.23338063546340254,0.5942598809858292,0.8030182684670373,3
0.7125010530291966,0.9489088258180405,0.6506866416978776,0.5025233923707979,0.5791969191610015,0.7984718242597899,1.1846584037965164,1.4140515719173314,0.47909407665505227,0.23255902445963203,0.6140484354353066,0.7645631067961165,4
0.6614932723825314,0.8793575707524524,0.6857333630091254,0.5236621933741419,0.6470600387453461,0.7834493426140758,0.9995500474221576,1.1846323486497767,0.5630293971101146,0.242160194137199,0.6175589367585367,0.7862531433361274,5
0.6452123806245357,0.8810696816641255,0.6829688227082363,0.47140297001073295,0.5709032485979836,0.8056489576328177,1.0425209279436716,1.2604839612064724,0.5409764603312991,0.23492572403177855,0.6239795960211527,0.7730128809299404,OOF
