{
  "fold1": {
    "training_history": {
      "training_sq_2_kl_divergence": [
        0.24953966043237558,
        0.2211048795077699,
        0.2015039402858616,
        0.1814620731569275,
        0.16935346097192966,
        0.16066287633168558,
        0.15419414501779918,
        0.15124701113973543,
        0.15348458432532372,
        0.15753168233703033
      ],
      "validation_sq_2_kl_divergence": [
        0.27480772137641907,
        0.2818951904773712,
        0.25194087624549866,
        0.24281828105449677,
        0.2530113756656647,
        0.24093574285507202,
        0.24081255495548248,
        0.24478653073310852,
        0.25932085514068604,
        0.273392915725708
      ]
    },
    "best_epoch_sq_2_kl_divergence": 7,
    "training_sq_2_kl_divergence": 0.15419414501779918,
    "validation_sq_2_kl_divergence": 0.24081255495548248
  },
  "fold2": {
    "training_history": {
      "training_sq_2_kl_divergence": [
        0.2435521005247352,
        0.21679337789289818,
        0.20025389903963578,
        0.17819054248749444,
        0.170433372984858,
        0.1592313335057629,
        0.15355667565354517,
        0.15318234923832763,
        0.15376584061556983,
        0.16110310547276507
      ],
      "validation_sq_2_kl_divergence": [
        0.2528558671474457,
        0.2573072612285614,
        0.25745123624801636,
        0.23785513639450073,
        0.2403518259525299,
        0.24330559372901917,
        0.239480659365654,
        0.2496052086353302,
        0.24781584739685059,
        0.26430368423461914
      ]
    },
    "best_epoch_sq_2_kl_divergence": 4,
    "training_sq_2_kl_divergence": 0.17819054248749444,
    "validation_sq_2_kl_divergence": 0.23785513639450073
  },
  "fold3": {
    "training_history": {
      "training_sq_2_kl_divergence": [
        0.2397710482038042,
        0.21385827213921688,
        0.19648730733721734,
        0.17712584260067038,
        0.16017747487428483,
        0.1529724484155932,
        0.14879886812144752,
        0.15080084139644867,
        0.15287721243924404,
        0.15706762091955712
      ],
      "validation_sq_2_kl_divergence": [
        0.2562708258628845,
        0.2423885464668274,
        0.24492952227592468,
        0.23618671298027039,
        0.2340354323387146,
        0.23532335460186005,
        0.23482371866703033,
        0.24795641005039215,
        0.24753306806087494,
        0.2638295292854309
      ]
    },
    "best_epoch_sq_2_kl_divergence": 5,
    "training_sq_2_kl_divergence": 0.16017747487428483,
    "validation_sq_2_kl_divergence": 0.2340354323387146
  },
  "fold4": {
    "training_history": {
      "training_sq_2_kl_divergence": [
        0.24010647044852973,
        0.21714157950098784,
        0.1997364977708921,
        0.17938856513831378,
        0.1658484575261752,
        0.1572674466415286,
        0.15341833960494697,
        0.15561857627424416,
        0.15719462513654572,
        0.16004782419934588
      ],
      "validation_sq_2_kl_divergence": [
        0.2648724615573883,
        0.2587530016899109,
        0.24616898596286774,
        0.24294055998325348,
        0.2370067685842514,
        0.23660145699977875,
        0.23692433536052704,
        0.23588284850120544,
        0.24978479743003845,
        0.2565872073173523
      ]
    },
    "best_epoch_sq_2_kl_divergence": 8,
    "training_sq_2_kl_divergence": 0.15561857627424416,
    "validation_sq_2_kl_divergence": 0.23588284850120544
  },
  "fold5": {
    "training_history": {
      "training_sq_2_kl_divergence": [
        0.2478837922414196,
        0.2160587518864781,
        0.19843609112909663,
        0.18526541692449014,
        0.17035693704908977,
        0.1613772045650794,
        0.1540407339651588,
        0.15354449994237673,
        0.15814039275198413,
        0.16245792447266147
      ],
      "validation_sq_2_kl_divergence": [
        0.2773696780204773,
        0.28008586168289185,
        0.24994857609272003,
        0.25076162815093994,
        0.2457759827375412,
        0.2429894059896469,
        0.2470223307609558,
        0.25075563788414,
        0.25855255126953125,
        0.2753412425518036
      ]
    },
    "best_epoch_sq_2_kl_divergence": 6,
    "training_sq_2_kl_divergence": 0.1613772045650794,
    "validation_sq_2_kl_divergence": 0.2429894059896469
  }
}