kl_divergence,log_loss,accuracy,sq_0_kl_divergence,sq_0_log_loss,sq_0_accuracy,sq_1_kl_divergence,sq_1_log_loss,sq_1_accuracy,sq_2_kl_divergence,sq_2_log_loss,sq_2_accuracy,fold
0.5852052385480765,0.8467542742017159,0.6863202050804008,0.46812097860672147,0.5455842881830552,0.8134328358208955,0.923716336230665,1.1375055477550848,0.5836177474402731,0.26378964438732516,0.7178791791333938,0.7166324435318275,1
0.5975294762961718,0.8350278863514369,0.6966966966966966,0.4942333897377344,0.6271165081438002,0.7886676875957122,0.8976195566519264,1.0992548119008687,0.5941306755260244,0.2630528977611075,0.6660372802683634,0.7502054231717338,2
0.6777540298964343,0.9138102096087228,0.6841262580054894,0.3751260686759206,0.4507517823219392,0.8617886178861789,1.1575945572797084,1.4185803571215534,0.49389272437599574,0.25574662659105496,0.6112523683029913,0.7950754567116759,3
0.7357821976301946,0.973152239677911,0.6474406991260924,0.5729208658453924,0.6569729482037695,0.7822349570200573,1.1750551090201116,1.4018352603720596,0.49825783972125437,0.26174325019107725,0.6437408776537215,0.7411003236245954,4
0.6565968109074244,0.8712997531864844,0.6933006899621633,0.5651009205034623,0.6994080740748835,0.7664346481051817,0.9524309381058227,1.1201640112480935,0.6013951170901843,0.2580763524037679,0.6389320877729479,0.768650461022632,5
0.6495048195960503,0.8867222456026607,0.6821777570963239,0.49415319389481693,0.5969217426651302,0.8022864828513786,1.0200216412680465,1.233468313496284,0.5551438535309503,0.2605901343947777,0.6576916883422995,0.7530631479736098,OOF
