{
  "fold1": {
    "training_history": {
      "training_sq_2_kl_divergence": [
        0.3198723644627649,
        0.27574504804685235,
        0.24322310615380688,
        0.22196709433392456,
        0.20079133829115575,
        0.1851936673321857,
        0.18092885282736412,
        0.17650743435437324,
        0.18337343395676997,
        0.1918726567297861,
        0.2095013598378037,
        0.21981239955590706,
        0.21897293539954482,
        0.21113159732467382,
        0.19656873871080707
      ],
      "validation_sq_2_kl_divergence": [
        0.3117637634277344,
        0.3024653494358063,
        0.2869146168231964,
        0.28042951226234436,
        0.2692813575267792,
        0.26693645119667053,
        0.26725131273269653,
        0.27286574244499207,
        0.2919096350669861,
        0.33320340514183044,
        0.3443168103694916,
        0.373035192489624,
        0.317785382270813,
        0.39655646681785583,
        0.3027208745479584
      ]
    },
    "best_epoch_sq_2_kl_divergence": 6,
    "training_sq_2_kl_divergence": 0.1851936673321857,
    "validation_sq_2_kl_divergence": 0.26693645119667053
  },
  "fold2": {
    "training_history": {
      "training_sq_2_kl_divergence": [
        0.2838839836916945,
        0.24270849146577578,
        0.22206148028083506,
        0.1969824718748532,
        0.1751482284741862,
        0.16681714967158798,
        0.15946402039049326,
        0.16084445269650413,
        0.16814621848896305,
        0.1767757003077079,
        0.18438489466740446,
        0.19761243865580427,
        0.19864454394664818,
        0.18219184292975502,
        0.16757589265059553
      ],
      "validation_sq_2_kl_divergence": [
        0.3162403106689453,
        0.30096426606178284,
        0.30799612402915955,
        0.2876530885696411,
        0.2787114977836609,
        0.26628243923187256,
        0.27546438574790955,
        0.283940851688385,
        0.2989034950733185,
        0.30154290795326233,
        0.3274666965007782,
        0.33137211203575134,
        0.3197353482246399,
        0.32500001788139343,
        0.360882967710495
      ]
    },
    "best_epoch_sq_2_kl_divergence": 6,
    "training_sq_2_kl_divergence": 0.16681714967158798,
    "validation_sq_2_kl_divergence": 0.26628243923187256
  },
  "fold3": {
    "training_history": {
      "training_sq_2_kl_divergence": [
        0.3180381263630558,
        0.2688509987733634,
        0.23358924492989394,
        0.20778591390207418,
        0.19049604656715052,
        0.17709233859097676,
        0.17169373553404163,
        0.1744913277375581,
        0.1780721938620639,
        0.19386328597624897,
        0.2034926685545376,
        0.2132185948805759,
        0.21065877644891942,
        0.19899225969611972,
        0.18349574211268235
      ],
      "validation_sq_2_kl_divergence": [
        0.33211401104927063,
        0.3218469023704529,
        0.2957329750061035,
        0.2617717385292053,
        0.2721852958202362,
        0.2613848149776459,
        0.2591618001461029,
        0.2787531018257141,
        0.27214106917381287,
        0.28956252336502075,
        0.3074284493923187,
        0.30656442046165466,
        0.3178408443927765,
        0.31482964754104614,
        0.2834913730621338
      ]
    },
    "best_epoch_sq_2_kl_divergence": 7,
    "training_sq_2_kl_divergence": 0.17169373553404163,
    "validation_sq_2_kl_divergence": 0.2591618001461029
  },
  "fold4": {
    "training_history": {
      "training_sq_2_kl_divergence": [
        0.30129145628540577,
        0.2640292389484452,
        0.23572704314371126,
        0.2085159044237813,
        0.18619725064992235,
        0.17513663366000992,
        0.16954199033423756,
        0.1702310896997008,
        0.17740383663784673,
        0.1914769518192294,
        0.20631727887348678,
        0.21568109409762892,
        0.21585180510413296,
        0.19739341934132237,
        0.18030846765116135
      ],
      "validation_sq_2_kl_divergence": [
        0.32495006918907166,
        0.3068392872810364,
        0.2750215232372284,
        0.28136351704597473,
        0.27123093605041504,
        0.26536422967910767,
        0.2707130014896393,
        0.2757071256637573,
        0.30811184644699097,
        0.31376826763153076,
        0.32056495547294617,
        0.3091815412044525,
        0.3244536221027374,
        0.2938055098056793,
        0.2796134948730469
      ]
    },
    "best_epoch_sq_2_kl_divergence": 6,
    "training_sq_2_kl_divergence": 0.17513663366000992,
    "validation_sq_2_kl_divergence": 0.26536422967910767
  },
  "fold5": {
    "training_history": {
      "training_sq_2_kl_divergence": [
        0.29781868432730035,
        0.25266396645992184,
        0.22929367856083568,
        0.2039171552892264,
        0.18333349496324383,
        0.16594797598950894,
        0.16747350808009512,
        0.16727818052111482,
        0.17529084067209327,
        0.19070791341099042,
        0.2004570611709344,
        0.20722570946376156,
        0.21262444984885676,
        0.19518949353955983,
        0.1724998568907682
      ],
      "validation_sq_2_kl_divergence": [
        0.3164687156677246,
        0.27336132526397705,
        0.282789409160614,
        0.2610135078430176,
        0.26864826679229736,
        0.2657225728034973,
        0.2591913044452667,
        0.2721445560455322,
        0.3523401618003845,
        0.28931719064712524,
        0.29859432578086853,
        0.3385384976863861,
        0.35752958059310913,
        0.309128999710083,
        0.30124974250793457
      ]
    },
    "best_epoch_sq_2_kl_divergence": 7,
    "training_sq_2_kl_divergence": 0.16747350808009512,
    "validation_sq_2_kl_divergence": 0.2591913044452667
  }
}